method,dataset,n_samples,n_params,crps_mean,energy_score,rmse_mean,mae_median,mean_abs_z,max_abs_z,frac_abs_z_gt2,frac_degenerate,cov1d_minmax,cov1d_ci50,cov1d_ci90,cov1d_ci95,rank_ks,cov2d_hpd50,cov2d_hpd90,cov2d_hpd95,joint_level_mahalanobis,in_joint50,in_joint90,in_joint95,contraction_mean,entropy_reduction_1d_mean,joint_entropy_gauss,joint_entropy_reduction_gauss
Results_Arthur,linear_obserr_scale00,1000,20,0.08199448502374482,0.5179696130832174,0.1647802739671201,0.11468311595811398,0.5303060981886587,1.2829389046606785,0.0,0.0,1.0,0.7,1.0,1.0,0.21299999999999997,0.7578947368421053,1.0,1.0,0.002,True,True,True,0.36524725709309513,1.0610283128985374,-9.404463368482922,23.26740697968183
Results_Arthur,linear_obserr_scale00_strerr_y1_y3,1000,20,0.0977680202576895,0.6006438704099403,0.20271587433921098,0.13344132268937495,0.6130044597392363,1.4867767829714797,0.0,0.0,1.0,0.55,1.0,1.0,0.21900000000000008,0.5894736842105263,1.0,1.0,0.02,True,True,True,0.35867474350240686,1.0962977359806307,-9.538202348697439,23.401145959896347
Results_Arthur,linear_obserr_scale00_strerr_y20_y25_y29,1000,20,0.20789410595299476,1.285811455293836,0.3936529178469216,0.29521595034563075,1.1937764606010328,5.592256061172626,0.05,0.0,0.95,0.35,0.8,0.95,0.16599999999999993,0.21052631578947367,0.8,0.8789473684210526,0.977,False,False,False,0.3898141248976895,1.0352026658443716,-7.395814557926087,21.258758169124995
Results_Arthur,linear_obserr_scale02,1000,20,0.08453293671223643,0.5058312629890497,0.14566641900258007,0.10908249733740805,0.4535698126529416,0.8123113772160269,0.0,0.0,1.0,0.9,1.0,1.0,0.29300000000000004,0.9631578947368421,1.0,1.0,0.0,True,True,True,0.4370425300614886,0.9080284225246213,-7.892831352467532,21.75577496366644
Results_Arthur,linear_obserr_scale02_strerr_y1_y3,1000,20,0.06246579767038864,0.3685471715334194,0.09830042693236173,0.06997607904726763,0.3607431083700169,1.0324913035911756,0.0,0.0,1.0,0.85,1.0,1.0,0.264,0.9157894736842105,1.0,1.0,0.0,True,True,True,0.3474080169206681,1.0276674856817203,-11.08485135170352,24.947794962902428
Results_Arthur,linear_obserr_scale02_strerr_y20_y25_y29,1000,20,0.1376608478542969,0.9428374976376422,0.29524897650430804,0.21062224796309675,0.7698041861698204,2.4848403325076722,0.05,0.0,1.0,0.5,0.95,1.0,0.30200000000000005,0.34210526315789475,0.9052631578947369,0.9894736842105263,0.391,True,True,True,0.34835591523750853,1.0728137161554145,-10.894320651109275,24.757264262308183
Results_Da/evidential_brute,linear_obserr_scale00,1000,20,0.47013222705911595,3.1054826618989675,0.7007841574003019,0.4809982002916923,7.766286364984642,54.262355273642804,0.7,0.0,0.65,0.0,0.0,0.0,0.532,0.0,0.0,0.0,0.0,True,True,True,0.14146380537471342,4.057890057940665,-320.2413634169724,334.10430702817126
Results_Da/evidential_brute,linear_obserr_scale00_strerr_y1_y3,1000,20,0.4903523558135536,2.7310011484852503,0.6425158737257977,0.5339001187549544,68.61797138009533,1143.9001115342246,0.8,0.0,0.2,0.0,0.2,0.2,0.5,0.0,0.0,0.0,1.0,False,False,False,0.18770003141957622,3.7628286364914145,-338.41078326144094,352.2737268726398
Results_Da/evidential_brute,linear_obserr_scale00_strerr_y20_y25_y29,1000,20,0.43059416549591767,2.716070404672164,0.6073318056522321,0.43059416549591767,,,0.0,1.0,0.0,0.0,0.0,0.0,0.55,0.11538461538461539,0.11538461538461539,0.11538461538461539,1.0,False,False,False,0.0,,,
Results_Da/evidential_brute,linear_obserr_scale02,1000,20,0.33393195987045105,1.8408206769643551,0.47615424506976073,0.40593169585804534,3.9214966422938247,15.23271704878362,0.5,0.0,0.35,0.35,0.35,0.35,0.35,0.008264462809917356,0.008264462809917356,0.008264462809917356,1.0,False,False,False,0.3467870694672379,2.60401517313914,,
Results_Da/evidential_brute,linear_obserr_scale02_strerr_y1_y3,1000,20,0.44743815214273247,2.3287080009170813,0.5207149389798235,0.44743815214273247,,,0.0,1.0,0.0,0.0,0.0,0.0,0.65,0.2,0.2,0.2,1.0,False,False,False,0.0,,,
Results_Da/evidential_brute,linear_obserr_scale02_strerr_y20_y25_y29,1000,20,0.38046593467780243,2.51809505301047,0.5630631712337346,0.3804659346778024,,,0.0,1.0,0.0,0.0,0.0,0.0,0.6,0.14285714285714285,0.14285714285714285,0.14285714285714285,1.0,False,False,False,0.0,,,
Results_Da/evidential_hmc,linear_obserr_scale00,1000,20,0.13313387420601605,0.8562636233178328,0.2755085060120426,0.19074394250479315,1.207394361728419,2.853012590678803,0.25,0.0,1.0,0.25,0.65,0.75,0.22599999999999998,0.20526315789473684,0.5105263157894737,0.6210526315789474,1.0,False,False,False,0.2934031970461702,1.580642999173842,-30.69269975925952,44.55564337045843
Results_Da/evidential_hmc,linear_obserr_scale00_strerr_y1_y3,1000,20,0.0924625602018879,0.5771524554184332,0.1827271001385255,0.12462429350400302,1.821312078216567,6.799187351800347,0.3,0.0,0.85,0.35,0.7,0.7,0.19799999999999995,0.3473684210526316,0.46842105263157896,0.5,1.0,False,False,False,0.1936603260792406,2.0450173001314917,-39.661796182754145,53.52473979395305
Results_Da/evidential_hmc,linear_obserr_scale00_strerr_y20_y25_y29,1000,20,0.22766039532059282,1.5348232167503553,0.4105012209063534,0.27556969648871366,2.8417414975317117,11.450292858359548,0.6,0.0,0.65,0.2,0.4,0.5,0.346,0.021052631578947368,0.1,0.14736842105263157,1.0,False,False,False,0.18198123852966672,2.1086218094078824,-40.3936689519019,54.25661256310081
Results_Da/evidential_hmc,linear_obserr_scale02,1000,20,0.20982609286084317,1.360623879567704,0.3679416793660849,0.254098332234539,2.6029111959222866,9.725575166239938,0.35,0.0,0.7,0.35,0.6,0.65,0.33099999999999996,0.11052631578947368,0.29473684210526313,0.34210526315789475,1.0,False,False,False,0.1868155130190744,1.9140022741741245,-30.845546733071345,44.70849034427025
Results_Da/evidential_hmc,linear_obserr_scale02_strerr_y1_y3,1000,20,0.14847271804680978,0.8714835455870598,0.2694025391844092,0.21888280162901458,1.2883621705646244,3.2852858146403037,0.15,0.0,1.0,0.2,0.85,0.9,0.24800000000000003,0.1368421052631579,0.5894736842105263,0.7052631578947368,0.998,False,False,False,0.27390011211832155,1.606324345559527,-27.903422916600455,41.76636652779936
Results_Da/evidential_hmc,linear_obserr_scale02_strerr_y20_y25_y29,1000,20,0.2371876393936875,1.5415304783691084,0.4088814603174662,0.27704702065789943,3.2709739877015154,14.761628663299383,0.45,0.0,0.65,0.25,0.5,0.5,0.28500000000000003,0.10526315789473684,0.24210526315789474,0.28421052631578947,1.0,False,False,False,0.16867856536571538,2.0866407073774518,-35.63180296469541,49.49474657589432
Results_Da/linear_brute,linear_obserr_scale00,1000,20,0.3219106518403213,1.9168060624604475,0.43195466563586865,0.3282430977428208,8.031532239470899,29.01116805433987,0.8,0.0,0.5,0.0,0.0,0.0,0.5329999999999999,0.047619047619047616,0.047619047619047616,0.047619047619047616,1.0,False,False,False,0.11180049636639502,4.3190575211002065,,
Results_Da/linear_brute,linear_obserr_scale00_strerr_y1_y3,1000,20,0.5411544915338917,2.8954513815346474,0.647767175104344,0.5417478488116235,74.42835963494339,402.9955551017217,1.0,0.0,0.4,0.0,0.0,0.0,0.649,0.0392156862745098,0.0392156862745098,0.0392156862745098,1.0,False,False,False,0.024763428209385287,5.945128105404767,-372.8393327848612,386.7022763960601
Results_Da/linear_brute,linear_obserr_scale00_strerr_y20_y25_y29,1000,20,0.3072003729086019,2.0450676708336193,0.5095811474522867,0.43059416549591767,2.5404859876400154,11.31955761292733,0.2,0.0,0.65,0.4,0.4,0.4,0.347,0.0,0.0,0.0,1.0,False,False,False,0.4451651502495341,2.3015104505460116,,
Results_Da/linear_brute,linear_obserr_scale02,1000,20,0.2673654089940033,1.4929258108400214,0.37765247779806094,0.40782554009479455,1.0402363515142004,2.5932403575835283,0.1,0.0,0.9,0.25,0.85,0.85,0.281,0.0,0.005263157894736842,0.005263157894736842,0.0,True,True,True,0.5149118235425422,1.813844592903515,,
Results_Da/linear_brute,linear_obserr_scale02_strerr_y1_y3,1000,20,0.2734957730804548,1.8067796981430093,0.44782741032334744,0.40201317921092816,1.8447396986876643,7.223379328000867,0.45,0.0,0.65,0.4,0.4,0.4,0.349,0.0,0.0,0.0,1.0,False,False,False,0.47361549970854455,2.0730597695717683,,
Results_Da/linear_brute,linear_obserr_scale02_strerr_y20_y25_y29,1000,20,0.28140627151265213,1.8840582027482926,0.48567145499108433,0.40201317921092816,0.977636173862958,2.895324940236542,0.1,0.0,0.9,0.2,0.75,0.75,0.23700000000000004,0.0,0.16842105263157894,0.18947368421052632,1.0,False,False,False,0.5291362656026563,1.5827076209445838,-184.51254236341802,198.37548597461694
Results_Da/linear_hmc,linear_obserr_scale00,1000,20,0.018763713598515003,0.11575915197904124,0.007243526841374733,0.007735562180200049,0.049132849894502215,0.15326796405821677,0.0,0.0,1.0,1.0,1.0,1.0,0.454,1.0,1.0,1.0,0.0,True,True,True,0.1249848049094614,2.2912389056307063,-45.574453556380675,59.43739716757958
Results_Da/linear_hmc,linear_obserr_scale00_strerr_y1_y3,1000,20,0.021570589773632513,0.12831229007037998,0.043622434707748355,0.03135311461203846,0.5106732467996646,1.059891620432593,0.0,0.0,1.0,0.6,1.0,1.0,0.155,0.9894736842105263,1.0,1.0,0.0,True,True,True,0.09231018489058242,2.4675623820313306,-45.46967778981271,59.332621401011615
Results_Da/linear_hmc,linear_obserr_scale00_strerr_y20_y25_y29,1000,20,0.3058980109486923,2.1428771555134607,0.524117853150754,0.33640431795068476,3.853505682569299,13.675962426328292,0.55,0.0,0.6,0.3,0.4,0.5,0.353,0.07894736842105263,0.17894736842105263,0.22631578947368422,1.0,False,False,False,0.11452294067818095,2.3754946554587595,-40.53448313478762,54.39742674598653
Results_Da/linear_hmc,linear_obserr_scale02,1000,20,0.02249945360129926,0.13024110518051235,0.024686870864637982,0.019549288770750073,0.39209411511591874,1.977287298357917,0.0,0.0,1.0,0.85,0.95,1.0,0.30799999999999994,0.868421052631579,0.9789473684210527,0.9894736842105263,0.327,True,True,True,0.13648981127762408,2.087311363825227,-41.008583016217955,54.87152662741686
Results_Da/linear_hmc,linear_obserr_scale02_strerr_y1_y3,1000,20,0.031180879276477762,0.17557340652234085,0.05782063134704328,0.045609187596456144,0.780315841627029,1.76953582719387,0.0,0.0,1.0,0.4,0.9,1.0,0.134,0.48947368421052634,0.9578947368421052,1.0,0.07,True,True,True,0.104192491150747,2.234495968222789,-41.2981491634137,55.161092774612605
Results_Da/linear_hmc,linear_obserr_scale02_strerr_y20_y25_y29,1000,20,0.0849074860387111,0.5590702995038422,0.16394421368511952,0.11385999119150828,1.2269677496747184,4.500398697246384,0.2,0.0,0.95,0.4,0.75,0.85,0.265,0.15789473684210525,0.5473684210526316,0.6473684210526316,1.0,False,False,False,0.13796311120613644,2.1228308044613042,-37.216323154239305,51.07926676543821
Results_Da/logistic_brute,linear_obserr_scale00,1000,20,0.2523457755604442,1.4201505558458596,0.36496011242071724,0.3282430977428208,3.8188909155183417,31.586713834340447,0.45,0.0,0.6,0.3,0.3,0.3,0.398,0.0,0.0,0.0,1.0,False,False,False,0.2884007453400669,2.706906870206008,-293.13649061538166,306.99943422658055
Results_Da/logistic_brute,linear_obserr_scale00_strerr_y1_y3,1000,20,0.3076447225185932,1.8251701020147837,0.4984656199542221,0.43600743071007175,1.2810160155260615,5.1069006074991385,0.25,0.0,0.95,0.4,0.7,0.8,0.259,0.0,0.1,0.24736842105263157,0.0,True,True,True,0.5385750623005408,1.464892216774094,,
Results_Da/logistic_brute,linear_obserr_scale00_strerr_y20_y25_y29,1000,20,0.29027277370122145,1.7058701559677774,0.4718579142597248,0.3848391780533237,1.3070871379081177,5.576964088427378,0.2,0.0,0.95,0.6,0.6,0.7,0.255,0.015789473684210527,0.031578947368421054,0.23684210526315788,1.0,False,False,False,0.5949009645021236,1.3317171838839896,-94.12265743512523,107.98560104632413
Results_Da/logistic_brute,linear_obserr_scale02,1000,20,0.18625292871621002,1.0630755292315028,0.2932905422758251,0.2954018495228813,0.7174677969785968,1.42260045062089,0.0,0.0,1.0,0.55,0.95,0.95,0.257,0.005263157894736842,0.21578947368421053,0.5368421052631579,0.998,False,False,False,0.6218040927918189,0.9961200692586848,-11.264897898866536,25.127841510065444
Results_Da/logistic_brute,linear_obserr_scale02_strerr_y1_y3,1000,20,0.184388463398345,1.2849091499121252,0.3466654043393103,0.2770223394839778,0.7527893522977462,1.7633855684218978,0.0,0.0,1.0,0.5,0.8,0.85,0.21999999999999997,0.0,0.23684210526315788,0.33157894736842103,1.0,False,False,False,0.5052052000786404,1.476830841229437,-24.480425246413084,38.34336885761199
Results_Da/logistic_brute,linear_obserr_scale02_strerr_y20_y25_y29,1000,20,0.22915488236888076,1.2897587845493144,0.3804457053603668,0.33896680340749846,0.8827369175829741,1.9531660807212934,0.0,0.0,1.0,0.5,0.85,0.9,0.159,0.04736842105263158,0.32105263157894737,0.5684210526315789,0.968,False,False,False,0.5910557355845899,0.8887279244387122,-8.238028020293626,22.100971631492534
Results_Da/logistic_hmc,linear_obserr_scale00,1000,20,0.10789263518098735,0.6456048945183822,0.20685316047161859,0.1444710203054596,0.5686774583788476,1.614730256458282,0.0,0.0,1.0,0.65,1.0,1.0,0.22199999999999998,0.6368421052631579,0.9894736842105263,1.0,0.012,True,True,True,0.4424015734106018,0.8425110652640285,-2.7279592748074073,16.59090288600631
Results_Da/logistic_hmc,linear_obserr_scale00_strerr_y1_y3,1000,20,0.12083306657984971,0.73692145990936,0.23876706861492566,0.15974687249469816,0.6120170627767381,1.8115593903213671,0.0,0.0,1.0,0.7,0.9,1.0,0.238,0.7684210526315789,0.9947368421052631,1.0,0.008,True,True,True,0.48629833946626305,0.7634383639006073,-0.6216143553149358,14.484557966513842
Results_Da/logistic_hmc,linear_obserr_scale00_strerr_y20_y25_y29,1000,20,0.1786466246525174,1.0870640209740141,0.3478043776758933,0.2568015024391696,0.9117061727143753,4.467149626936253,0.05,0.0,1.0,0.45,0.9,0.9,0.13700000000000007,0.5789473684210527,0.8947368421052632,0.9,0.811,False,True,True,0.495818355221419,0.7649582612504394,-0.14382640279084669,14.006770013989753
Results_Da/logistic_hmc,linear_obserr_scale02,1000,20,0.10790159194052769,0.6238695149657405,0.18487960419842503,0.14885159613069682,0.4884314146011827,1.2708445968449282,0.0,0.0,1.0,0.85,1.0,1.0,0.265,0.8421052631578947,1.0,1.0,0.001,True,True,True,0.5190847411673623,0.6709207796781064,-0.27012396500505176,14.133067576203958
Results_Da/logistic_hmc,linear_obserr_scale02_strerr_y1_y3,1000,20,0.10299100555778677,0.5968411978914905,0.17800666665654385,0.13141530230764087,0.45550002779548615,1.0687548735890398,0.0,0.0,1.0,0.7,1.0,1.0,0.192,0.8052631578947368,1.0,1.0,0.002,True,True,True,0.4962137900538366,0.6660968077488898,-0.5726924733735679,14.435636084572474
Results_Da/logistic_hmc,linear_obserr_scale02_strerr_y20_y25_y29,1000,20,0.13289588886387235,0.7920756523979278,0.2510603513910167,0.20272829675425771,0.6047818629916588,1.3391750029018177,0.0,0.0,1.0,0.6,1.0,1.0,0.136,0.7157894736842105,1.0,1.0,0.01,True,True,True,0.5187314224918882,0.6273223466275814,0.5338193842591217,13.329124226939784
Results_Da/rf_brute,linear_obserr_scale00,1000,20,0.23037714861937747,1.3337532339068021,0.4204927525100309,0.3390468501904792,0.6638015816132389,1.2996803804825496,0.0,0.0,1.0,0.6,1.0,1.0,0.29200000000000004,0.5684210526315789,1.0,1.0,0.192,True,True,True,0.8475352865182624,0.2528437195319517,12.153119837554677,1.7098237736442297
Results_Da/rf_brute,linear_obserr_scale00_strerr_y1_y3,1000,20,0.276339899117503,1.5710806436550302,0.5011038238529198,0.4118419350916806,0.9235090601564216,1.6314831255586233,0.0,0.0,1.0,0.4,0.8,0.85,0.229,0.43157894736842106,0.8210526315789474,0.868421052631579,0.781,False,True,True,0.8431440952667844,0.24087205517682406,12.086061376549598,1.7768822346493085
Results_Da/rf_brute,linear_obserr_scale00_strerr_y20_y25_y29,1000,20,0.28663432388803123,1.6326631010804553,0.520747764865507,0.4454327451725944,0.9517566978046685,1.6897566815982992,0.0,0.0,0.95,0.4,0.85,0.85,0.21000000000000002,0.4789473684210526,0.8368421052631579,0.8842105263157894,0.771,False,True,True,0.8475850323974277,0.24296597224266447,12.240722410752607,1.6222212004462992
Results_Da/rf_brute,linear_obserr_scale02,1000,20,0.24593855125689457,1.3713465576207822,0.4333513000457736,0.38327344420142995,0.7648222060525394,1.7707801753204597,0.0,0.0,1.0,0.5,1.0,1.0,0.19399999999999995,0.4421052631578947,0.9526315789473684,0.9947368421052631,0.298,True,True,True,0.82485268921398,0.2918641545317848,11.694587528551413,2.1683560826474935
Results_Da/rf_brute,linear_obserr_scale02_strerr_y1_y3,1000,20,0.2476384697950472,1.4258466627519328,0.4520851066367786,0.3543607955465823,0.7300213167394087,1.9080144529862775,0.0,0.0,1.0,0.6,0.9,0.95,0.19699999999999995,0.5789473684210527,0.8947368421052632,0.9315789473684211,0.582,False,True,True,0.8769141766915272,0.22849597611462302,12.277714888498917,1.5852287226999895
Results_Da/rf_brute,linear_obserr_scale02_strerr_y20_y25_y29,1000,20,0.24341725311844184,1.4224526889198585,0.4501532607417461,0.33051367640501805,0.7223817952586808,2.2698241673068917,0.05,0.0,1.0,0.65,0.9,0.95,0.23099999999999998,0.6421052631578947,0.8842105263157894,0.9526315789473684,0.566,False,True,True,0.8908158531481238,0.23377571342171954,12.377215199342427,1.4857284118564795
Results_Yang,linear_obserr_scale00,377,20,0.19022123335142485,1.1696889079506008,0.3703212595696572,0.288252069913382,0.7554105435173939,1.40005961817702,0.0,0.0,1.0,0.6,1.0,1.0,0.1653846153846154,0.8052631578947368,1.0,1.0,0.09283819628647215,True,True,True,0.6801760795902909,0.4650590349494741,5.385298387808469,8.477645223390438
Results_Yang,linear_obserr_scale00_strerr_y1_y3,357,20,0.22748482940171585,1.3722916792422972,0.43703129232039895,0.3482413107818324,0.8728246000064429,1.7179677627718082,0.0,0.0,1.0,0.5,0.85,0.9,0.1998599439775911,0.6263157894736842,0.968421052631579,0.9894736842105263,0.8095238095238095,False,True,True,0.7159376981614713,0.4371099957011439,6.0304118990098345,7.832531712189072
Results_Yang,linear_obserr_scale00_strerr_y20_y25_y29,342,20,0.2512314147869941,1.4962969247029574,0.4740112465429164,0.38120848727242024,0.9921243015897107,2.47167711509165,0.05,0.0,0.95,0.4,0.8,0.9,0.23450292397660816,0.4473684210526316,0.8473684210526315,0.8947368421052632,1.0,False,False,False,0.6875885981019695,0.4726382605014858,5.398410739487815,8.464532871711091
Results_Yang,linear_obserr_scale02,1000,20,0.20103055624548033,1.147870216574419,0.35840966766608173,0.2823269595689464,0.656655095413824,1.4307838702626428,0.0,0.0,1.0,0.65,1.0,1.0,0.261,0.7684210526315789,1.0,1.0,0.052,True,True,True,0.7673037187359576,0.3522866365293001,8.738084929473633,5.124858681725273
Results_Yang,linear_obserr_scale02_strerr_y1_y3,1000,20,0.2247015870789158,1.3716312240367794,0.43714805591159295,0.3209185556355782,0.7189940894562388,1.5713065446034598,0.0,0.0,1.0,0.55,0.95,1.0,0.21199999999999997,0.6263157894736842,0.9947368421052631,1.0,0.21,True,True,True,0.7365656389013091,0.3987374179030053,7.412875340264076,6.45006827093483
Results_Yang,linear_obserr_scale02_strerr_y20_y25_y29,1000,20,0.236258864455655,1.439101673627399,0.4593632493145336,0.3576080360030131,0.7501729456018954,1.6540163828639993,0.0,0.0,1.0,0.55,0.95,1.0,0.184,0.5684210526315789,0.9894736842105263,0.9947368421052631,0.139,True,True,True,0.7368413584165439,0.39437996470283526,7.374802496484705,6.488141114714201
