method,dataset,n_samples,n_miss_1d,n_miss_2d_only,n_na_2d,frac_miss_1d,frac_miss_2d_only,frac_na_2d,max_distance_1d
Results_Arthur,linear_obserr_scale00,1000,0,0,0,0.0,0.0,0.0,0.0
Results_Arthur,linear_obserr_scale00_strerr_y1_y3,1000,0,0,0,0.0,0.0,0.0,0.0
Results_Arthur,linear_obserr_scale00_strerr_y20_y25_y29,1000,1,0,0,0.05,0.0,0.0,0.024101591449511295
Results_Arthur,linear_obserr_scale02,1000,0,0,0,0.0,0.0,0.0,0.0
Results_Arthur,linear_obserr_scale02_strerr_y1_y3,1000,0,0,0,0.0,0.0,0.0,0.0
Results_Arthur,linear_obserr_scale02_strerr_y20_y25_y29,1000,0,0,0,0.0,0.0,0.0,0.0
Results_Da/evidential_brute,linear_obserr_scale00,1000,7,43,0,0.35,0.22631578947368422,0.0,0.6755781665381448
Results_Da/evidential_brute,linear_obserr_scale00_strerr_y1_y3,1000,16,0,6,0.8,0.0,0.031578947368421054,1.1820143893215627
Results_Da/evidential_brute,linear_obserr_scale00_strerr_y20_y25_y29,1000,20,0,0,1.0,0.0,0.0,1.3321983222369564
Results_Da/evidential_brute,linear_obserr_scale02,1000,13,0,21,0.65,0.0,0.11052631578947368,0.9279433397312117
Results_Da/evidential_brute,linear_obserr_scale02_strerr_y1_y3,1000,20,0,0,1.0,0.0,0.0,0.9972272964605485
Results_Da/evidential_brute,linear_obserr_scale02_strerr_y20_y25_y29,1000,20,0,0,1.0,0.0,0.0,1.4907445218851856
Results_Da/evidential_hmc,linear_obserr_scale00,1000,0,28,0,0.0,0.14736842105263157,0.0,0.0
Results_Da/evidential_hmc,linear_obserr_scale00_strerr_y1_y3,1000,3,28,0,0.15,0.14736842105263157,0.0,0.12721871499238346
Results_Da/evidential_hmc,linear_obserr_scale00_strerr_y20_y25_y29,1000,7,19,0,0.35,0.1,0.0,0.7012500628978731
Results_Da/evidential_hmc,linear_obserr_scale02,1000,6,15,0,0.3,0.07894736842105263,0.0,0.7168020350539713
Results_Da/evidential_hmc,linear_obserr_scale02_strerr_y1_y3,1000,0,22,0,0.0,0.11578947368421053,0.0,0.0
Results_Da/evidential_hmc,linear_obserr_scale02_strerr_y20_y25_y29,1000,7,11,0,0.35,0.05789473684210526,0.0,0.6405500804044283
Results_Da/linear_brute,linear_obserr_scale00,1000,10,0,45,0.5,0.0,0.23684210526315788,0.6755781665381448
Results_Da/linear_brute,linear_obserr_scale00_strerr_y1_y3,1000,12,0,28,0.6,0.0,0.14736842105263157,1.1064459373198823
Results_Da/linear_brute,linear_obserr_scale00_strerr_y20_y25_y29,1000,7,41,0,0.35,0.21578947368421053,0.0,0.6168896024270234
Results_Da/linear_brute,linear_obserr_scale02,1000,2,36,0,0.1,0.18947368421052632,0.0,0.0452251464665747
Results_Da/linear_brute,linear_obserr_scale02_strerr_y1_y3,1000,7,65,0,0.35,0.34210526315789475,0.0,0.4393747411366505
Results_Da/linear_brute,linear_obserr_scale02_strerr_y20_y25_y29,1000,2,17,0,0.1,0.08947368421052632,0.0,0.170983855893181
Results_Da/linear_hmc,linear_obserr_scale00,1000,0,0,0,0.0,0.0,0.0,0.0
Results_Da/linear_hmc,linear_obserr_scale00_strerr_y1_y3,1000,0,0,0,0.0,0.0,0.0,0.0
Results_Da/linear_hmc,linear_obserr_scale00_strerr_y20_y25_y29,1000,8,11,0,0.4,0.05789473684210526,0.0,0.8730157824446682
Results_Da/linear_hmc,linear_obserr_scale02,1000,0,0,0,0.0,0.0,0.0,0.0
Results_Da/linear_hmc,linear_obserr_scale02_strerr_y1_y3,1000,0,0,0,0.0,0.0,0.0,0.0
Results_Da/linear_hmc,linear_obserr_scale02_strerr_y20_y25_y29,1000,1,16,0,0.05,0.08421052631578947,0.0,0.10953753040881928
Results_Da/logistic_brute,linear_obserr_scale00,1000,8,36,0,0.4,0.18947368421052632,0.0,0.44372564839272066
Results_Da/logistic_brute,linear_obserr_scale00_strerr_y1_y3,1000,1,53,0,0.05,0.2789473684210526,0.0,0.1456091310886192
Results_Da/logistic_brute,linear_obserr_scale00_strerr_y20_y25_y29,1000,1,36,0,0.05,0.18947368421052632,0.0,0.1456091310886192
Results_Da/logistic_brute,linear_obserr_scale02,1000,0,2,0,0.0,0.010526315789473684,0.0,0.0
Results_Da/logistic_brute,linear_obserr_scale02_strerr_y1_y3,1000,0,23,0,0.0,0.12105263157894737,0.0,0.0
Results_Da/logistic_brute,linear_obserr_scale02_strerr_y20_y25_y29,1000,0,11,0,0.0,0.05789473684210526,0.0,0.0
Results_Da/logistic_hmc,linear_obserr_scale00,1000,0,0,0,0.0,0.0,0.0,0.0
Results_Da/logistic_hmc,linear_obserr_scale00_strerr_y1_y3,1000,0,0,0,0.0,0.0,0.0,0.0
Results_Da/logistic_hmc,linear_obserr_scale00_strerr_y20_y25_y29,1000,0,1,0,0.0,0.005263157894736842,0.0,0.0
Results_Da/logistic_hmc,linear_obserr_scale02,1000,0,0,0,0.0,0.0,0.0,0.0
Results_Da/logistic_hmc,linear_obserr_scale02_strerr_y1_y3,1000,0,0,0,0.0,0.0,0.0,0.0
Results_Da/logistic_hmc,linear_obserr_scale02_strerr_y20_y25_y29,1000,0,0,0,0.0,0.0,0.0,0.0
Results_Da/rf_brute,linear_obserr_scale00,1000,0,0,0,0.0,0.0,0.0,0.0
Results_Da/rf_brute,linear_obserr_scale00_strerr_y1_y3,1000,0,5,0,0.0,0.02631578947368421,0.0,0.0
Results_Da/rf_brute,linear_obserr_scale00_strerr_y20_y25_y29,1000,1,5,0,0.05,0.02631578947368421,0.0,0.028893989638222095
Results_Da/rf_brute,linear_obserr_scale02,1000,0,0,0,0.0,0.0,0.0,0.0
Results_Da/rf_brute,linear_obserr_scale02_strerr_y1_y3,1000,0,1,0,0.0,0.005263157894736842,0.0,0.0
Results_Da/rf_brute,linear_obserr_scale02_strerr_y20_y25_y29,1000,0,2,0,0.0,0.010526315789473684,0.0,0.0
Results_Yang,linear_obserr_scale00,377,0,0,0,0.0,0.0,0.0,0.0
Results_Yang,linear_obserr_scale00_strerr_y1_y3,357,0,5,0,0.0,0.02631578947368421,0.0,0.0
Results_Yang,linear_obserr_scale00_strerr_y20_y25_y29,342,1,4,0,0.05,0.021052631578947368,0.0,0.21266299557485913
Results_Yang,linear_obserr_scale02,1000,0,0,0,0.0,0.0,0.0,0.0
Results_Yang,linear_obserr_scale02_strerr_y1_y3,1000,0,0,0,0.0,0.0,0.0,0.0
Results_Yang,linear_obserr_scale02_strerr_y20_y25_y29,1000,0,0,0,0.0,0.0,0.0,0.0
