dataset,param,x_true,mean,median,std,degenerate,bias,abs_err_mean,abs_err_median,z_score,percentile_rank,in_minmax,in_ci50,in_ci90,in_ci95,contraction,entropy,entropy_reduction,crps
linear_obserr_scale00,x0,0.3434651826690493,0.3543786773261511,0.353326609588947,0.012574289665453047,False,0.010913494657101785,0.010913494657101785,0.00986142691989772,0.8679213655373172,0.166,True,False,True,True,0.021779308569652937,-2.974266584711504,3.6674137652714496,0.006047738383128535
linear_obserr_scale00,x1,-0.8873952057318184,-0.8894134173956215,-0.8911852266452378,0.014515294537631574,False,-0.0020182116638031156,0.0020182116638031156,0.0037900209134194007,-0.1390403521313886,0.596,True,True,True,True,0.02514122762600488,-2.8369002101254637,3.530047390685409,0.00370130654439421
linear_obserr_scale00,x2,0.6722253667051747,0.6351227717465233,0.6349210252559738,0.014367176398247037,False,-0.037102594958651425,0.037102594958651425,0.03730434144920092,-2.582455586971033,0.999,True,False,False,False,0.02488467948306829,-2.8241896665006605,3.517336847060606,0.028945079438177097
linear_obserr_scale00,x3,0.6246701210510801,0.586840550973349,0.5871296484532741,0.013259517396216796,False,-0.037829570077731134,0.037829570077731134,0.03754047259780602,-2.853012590678803,0.999,True,False,False,False,0.022966157814090876,-2.9015688747623427,3.594716055322288,0.030389102423025928
linear_obserr_scale00,x4,0.2307617742287875,0.1831462813708244,0.18255876480529198,0.02800569112816206,False,-0.0476154928579631,0.0476154928579631,0.04820300942349551,-1.7002077413501768,0.951,True,False,False,True,0.04850727993505763,-2.1564841620911355,2.849631342651081,0.03270004731555368
linear_obserr_scale00,x5,-0.7815631213808194,-0.7749252436990407,-0.7951107248960971,0.15598615294273882,False,0.006637877681778703,0.006637877681778703,0.013547603515277729,0.04255427521323262,0.532,True,True,True,True,0.2701759421740331,-0.5812595462497192,1.2744067268096644,0.039174743933025544
linear_obserr_scale00,x6,0.5585820379927333,0.2442431246455518,0.27985293461151584,0.3671781347958719,False,-0.3143389133471815,0.3143389133471815,0.2787291033812175,-0.8560937690963932,0.782,True,False,True,True,0.635971184894824,0.37063185192915515,0.32251532863079013,0.1712605596772227
linear_obserr_scale00,x7,-0.0330104929686054,-0.317014167615446,-0.293285764749937,0.2272646726190541,False,-0.28400367464684056,0.28400367464684056,0.2602752717813316,-1.2496604570077356,0.906,True,False,True,True,0.3936339597417091,-0.08310863063664144,0.7762558111965867,0.17604370877493844
linear_obserr_scale00,x8,-0.7104844731259374,-0.7896607614523125,-0.8202463779019664,0.15827011714628988,False,-0.07917628832637502,0.07917628832637502,0.10976190477602898,-0.5002605024496948,0.726,True,True,True,True,0.27413188421725215,-0.61596516230621,1.3091123428661553,0.06317051208223845
linear_obserr_scale00,x9,-0.4008163370917434,0.3132704038681227,0.2549313267533152,0.37144930642809915,False,0.7140867409598661,0.7140867409598661,0.6557476638450586,1.9224339057908317,0.015,True,False,False,False,0.6433690711696884,0.325874750375127,0.3672724301848183,0.5025937700124362
linear_obserr_scale00,x10,-0.5695267635829435,-0.3073836739808024,-0.3107146789663483,0.11397985785933136,False,0.2621430896021411,0.2621430896021411,0.2588120846165952,2.2999071461000233,0.005,True,False,False,False,0.1974189048518407,-0.7529236055852435,1.4460707861451887,0.19757677441270038
linear_obserr_scale00,x11,-0.7856226639991968,-0.7552186201281621,-0.7915725494409273,0.1866188666826514,False,0.03040404387103468,0.03040404387103468,0.005949885441730474,0.16292052572978744,0.517,True,True,True,True,0.323233358745275,-0.462717148251463,1.1558643288114083,0.0401614896353466
linear_obserr_scale00,x12,0.4280740958156188,0.6417773567644999,0.6696031270748993,0.2241772779128679,False,0.2137032609488811,0.2137032609488811,0.24152903125928055,0.9532779724087033,0.186,True,False,True,True,0.38828643524757545,-0.1917692752586659,0.8849164558186112,0.13481235641787923
linear_obserr_scale00,x13,0.7917583663486147,0.6693107634192588,0.6810309824546328,0.16249150300933246,False,-0.12244760292935597,0.12244760292935597,0.11072738389398196,-0.7535631135267631,0.757,True,False,True,True,0.2814435390103949,-0.4344854330734651,1.1276326136334105,0.06686972787199308
linear_obserr_scale00,x14,-0.8357458072372479,-0.9020893854823171,-0.9255165704591442,0.07923988996212467,False,-0.0663435782450692,0.0663435782450692,0.08977076322189625,-0.8372497523252533,0.797,True,False,True,True,0.13724751540056698,-1.3650674065068908,2.058214587066836,0.04956114786453677
linear_obserr_scale00,x15,-0.1029945326174019,0.40687441997080576,0.39993512961596545,0.23308020696477538,False,0.5098689525882076,0.5098689525882076,0.5029296622333673,2.1875257415798606,0.023,True,False,False,False,0.4037067607016602,-0.05469215376238812,0.7478393343223334,0.3799563329584632
linear_obserr_scale00,x16,-0.8446678345284815,-0.4432480603700311,-0.3980112774098909,0.35445149327297,False,0.40141977415845037,0.40141977415845037,0.4466565571185906,1.1325097559944801,0.202,True,False,True,True,0.613927995167442,0.18759122944206877,0.5055559511178765,0.23115318122392076
linear_obserr_scale00,x17,-0.4632693350134884,-0.6031604939585159,-0.630393458431762,0.1886455001284833,False,-0.13989115894502752,0.13989115894502752,0.1671241234182736,-0.7415557691529879,0.763,True,False,True,True,0.3267435908417742,-0.2824578989779015,0.9756050795378468,0.0924357947615316
linear_obserr_scale00,x18,-0.0690482379754422,-0.5531827112974383,-0.5539756324214036,0.24104618488550522,False,-0.48413447332199616,0.48413447332199616,0.4849273944459614,-2.0084718351877493,0.974,True,False,False,True,0.41750423919233615,-0.06680665202173193,0.7599538325816773,0.35348324739549297
linear_obserr_scale00,x19,-0.3981689578166398,-0.3119511907990334,-0.3464778119731878,0.24132716217825767,False,0.08621776701760642,0.08621776701760642,0.051691145843452024,0.35726507633616966,0.397,True,True,True,True,0.41799090613915657,-0.04935179320285715,0.7424989737628025,0.06264086299431626
linear_obserr_scale00_strerr_y1_y3,x0,-0.2783275291019509,-0.27554657655696296,-0.2757609694452826,0.009507985207771635,False,0.002780952544987947,0.002780952544987947,0.002566559656668299,0.29248599826542143,0.4,True,True,True,True,0.016468313457473797,-3.235037959943434,3.928185140503379,0.0024535477814153356
linear_obserr_scale00_strerr_y1_y3,x1,-0.920582565749522,-0.9788198444091851,-0.9794331877406404,0.008565329302808893,False,-0.058237278659663105,0.058237278659663105,0.058850621991118346,-6.799187351800347,1.0,False,False,False,False,0.014835585536023509,-3.346198934226187,4.039346114786132,0.05336724766015395
linear_obserr_scale00_strerr_y1_y3,x2,-0.9226732314949416,-0.875515482389235,-0.8758266774473694,0.0072658785449105185,False,0.04715774910570658,0.04715774910570658,0.04684655404757221,6.490302420309359,0.0,False,False,False,False,0.012584870801409642,-3.507733675970873,4.200880856530818,0.04302516419387291
linear_obserr_scale00_strerr_y1_y3,x3,0.6386038283583111,0.648763471801349,0.6481213282695573,0.011653831040864662,False,0.01015964344303788,0.01015964344303788,0.009517499911246174,0.8717857164234363,0.204,True,False,True,True,0.020185027465600885,-3.0443947165731715,3.737541897133117,0.005769692106846144
linear_obserr_scale00_strerr_y1_y3,x4,-0.0685106096025203,-0.09085402750689935,-0.0909128481447337,0.00809984520096255,False,-0.022343417904379048,0.022343417904379048,0.022402238542213404,-2.7584993725218174,0.997,True,False,False,False,0.014029343421510078,-3.3928229228251254,4.085970103385071,0.017787550992202427
linear_obserr_scale00_strerr_y1_y3,x5,-0.4978498956422232,-0.24125262457796834,-0.2827409438802296,0.24620475099654718,False,0.2565972710642549,0.2565972710642549,0.21510895176199363,1.042210883525369,0.135,True,False,True,True,0.42643913779086384,-0.049607354003788774,0.7427545345637341,0.14478489808486097
linear_obserr_scale00_strerr_y1_y3,x6,0.1863262952965136,-0.0007570766543975225,-0.010114812300601801,0.15028928534800118,False,-0.18708337195091113,0.18708337195091113,0.1964411075971154,-1.244821755042029,0.875,True,False,True,True,0.26030867805595487,-0.49103643357250276,1.184183614132448,0.12016973175954643
linear_obserr_scale00_strerr_y1_y3,x7,-0.4232103731268686,-0.8535159426913342,-0.8738479383796234,0.10658657237713497,False,-0.43030556956446564,0.43030556956446564,0.4506375652527548,-4.037146142967396,1.0,False,False,False,False,0.18461335876181517,-0.9938914917221314,1.6870386722820767,0.370428417569826
linear_obserr_scale00_strerr_y1_y3,x8,-0.1517085214495113,0.02404155267489236,0.0241288499667646,0.1528463724950837,False,0.17575007412440366,0.17575007412440366,0.1758373714162759,1.149847858705686,0.155,True,False,True,True,0.2647376829140831,-0.4818707753045323,1.1750179558644775,0.11043315437408599
linear_obserr_scale00_strerr_y1_y3,x9,-0.7483266868940266,-0.7193691469252037,-0.7210842089732251,0.11248027593803492,False,0.028957539968822887,0.028957539968822887,0.027242477920801478,0.2574454919080703,0.389,True,True,True,True,0.1948215527740435,-0.7736781458008785,1.4668253263608237,0.028724420087893943
linear_obserr_scale00_strerr_y1_y3,x10,-0.7997336015323435,-0.8121247531106418,-0.8347320921821728,0.1314415155549173,False,-0.012391151578298287,0.012391151578298287,0.034998490649829295,-0.09427121656339368,0.594,True,True,True,True,0.22766338316497162,-0.7865248046159234,1.4796719851758686,0.039144985477289077
linear_obserr_scale00_strerr_y1_y3,x11,0.5858680255671223,0.4661691640282487,0.4683463784208926,0.1132747325286485,False,-0.11969886153887355,0.11969886153887355,0.11752164714622965,-1.0567128155310392,0.848,True,False,True,True,0.19619759195339417,-0.7658175171263808,1.458964697686326,0.07117934022908012
linear_obserr_scale00_strerr_y1_y3,x12,0.7721495259453386,0.955143313933316,0.9667020611011514,0.03858721690246685,False,0.18299378798797739,0.18299378798797739,0.19455253515581283,4.742342223086805,0.001,True,False,False,False,0.06683502019775313,-2.112298185770531,2.8054453663304764,0.16226533916368968
linear_obserr_scale00_strerr_y1_y3,x13,-0.746482021754844,-0.5803049272257156,-0.6157559178746923,0.18707558657672094,False,0.16617709452912843,0.16617709452912843,0.1307261038801517,0.8882885125204625,0.181,True,False,True,True,0.32402442080663085,-0.30236201220316444,0.9955091927631097,0.0887205835864658
linear_obserr_scale00_strerr_y1_y3,x14,-0.2163472437658105,-0.11518183355729374,-0.1086924651214998,0.26917548771889144,False,0.10116541020851676,0.10116541020851676,0.1076547786443107,0.37583440849624106,0.402,True,True,True,True,0.46622562088125225,0.07504740301454828,0.618099777545397,0.08244447399406818
linear_obserr_scale00_strerr_y1_y3,x15,0.9430962720907232,0.4474001269370516,0.42312688355805517,0.2272354428138332,False,-0.4956961451536716,0.4956961451536716,0.519969388532668,-2.1814209043075192,0.99,True,False,False,False,0.3935833322339712,-0.09972718111976905,0.7928743616797144,0.36613344287027705
linear_obserr_scale00_strerr_y1_y3,x16,-0.9020514328559142,-0.8518799708413877,-0.8616638297991692,0.09923947062589901,False,0.05017146201452649,0.05017146201452649,0.040387603056744936,0.5055595490191279,0.341,True,True,True,True,0.17188780524029623,-1.0332988395750637,1.726446020135009,0.031235507328872585
linear_obserr_scale00_strerr_y1_y3,x17,0.1702298533623341,0.128700019593058,0.133450603257369,0.14121465815576048,False,-0.0415298337692761,0.0415298337692761,0.036779250104965105,-0.29409010588311935,0.61,True,True,True,True,0.24459096269924785,-0.5449204050643789,1.2380675856243242,0.0379700220092226
linear_obserr_scale00_strerr_y1_y3,x18,-0.9795810111083574,-0.9343953116236673,-0.946765644825297,0.05194842568222574,False,0.04518569948469009,0.04518569948469009,0.032815366283060365,0.8698184572732965,0.203,True,False,True,True,0.08997731265483089,-1.7553430828447472,2.4484902634046923,0.02111744987205319
linear_obserr_scale00_strerr_y1_y3,x19,0.4454899868370463,0.5230188188464094,0.5171197453655746,0.16350416485252223,False,0.07752883200936311,0.07752883200936311,0.07162975852852826,0.4741703801814021,0.332,True,True,True,True,0.28319752077368593,-0.3958853561828962,1.0890325367428415,0.05209623489603568
linear_obserr_scale00_strerr_y20_y25_y29,x0,-0.2783275291019509,-0.2507208462803665,-0.250856742946291,0.007906089847747485,False,0.027606682821584405,0.027606682821584405,0.0274707861556599,3.4918250808204254,0.0,False,False,False,False,0.013693749305503131,-3.421922151366382,4.115069331926327,0.023117636754551384
linear_obserr_scale00_strerr_y20_y25_y29,x1,-0.920582565749522,-0.944081180486458,-0.9431230400249184,0.011624152303450083,False,-0.02349861473693593,0.02349861473693593,0.022540474275396405,-2.0215336244313895,0.998,True,False,False,False,0.02013362238449434,-3.0805771617036024,3.773724342263548,0.017007603217183476
linear_obserr_scale00_strerr_y20_y25_y29,x2,-0.9226732314949416,-0.8733464613060512,-0.8737328329434378,0.006835936023783347,False,0.04932677018889042,0.04932677018889042,0.04894039855150378,7.215803368737576,0.0,False,False,False,False,0.011840188510483124,-3.5727396498691557,4.265886830429101,0.045464575843532036
linear_obserr_scale00_strerr_y20_y25_y29,x3,0.6386038283583111,0.6312396209892874,0.6308995476640318,0.010332333058724703,False,-0.0073642073690236565,0.0073642073690236565,0.0077042806942793085,-0.7127342224808813,0.775,True,False,True,True,0.01789612581843473,-3.160940709682396,3.8540878902423414,0.004730863628474878
linear_obserr_scale00_strerr_y20_y25_y29,x4,-0.0685106096025203,-0.08442525334693561,-0.0852467383870381,0.007059900679450589,False,-0.015914643744415313,0.015914643744415313,0.0167361287845178,-2.254230543318892,0.982,True,False,False,False,0.012228106673198456,-3.549229143167415,4.24237632372736,0.0120512168492761
linear_obserr_scale00_strerr_y20_y25_y29,x5,-0.4978498956422232,-0.6201979509421666,-0.665916762671529,0.22801543645960598,False,-0.12234805529994336,0.12234805529994336,0.1680668670293058,-0.5365779492811571,0.648,True,True,True,True,0.3949343208580305,-0.19776240487715563,0.890909585437101,0.09233769170505049
linear_obserr_scale00_strerr_y20_y25_y29,x6,0.1863262952965136,-0.22000340409592825,-0.21118814573088002,0.10919577257561876,False,-0.40632969939244185,0.40632969939244185,0.39751444102739364,-3.721111997362865,1.0,False,False,False,False,0.18913262607270792,-0.8133689730058025,1.5065161535657476,0.34497530102124463
linear_obserr_scale00_strerr_y20_y25_y29,x7,-0.4232103731268686,0.27183953442692776,0.3456893631043349,0.2978214378089468,False,0.6950499075537964,0.6950499075537964,0.7688997362312036,2.333780646105377,0.049,True,False,False,True,0.5158418618683105,-0.025279506905461487,0.7184266874654067,0.5612369569871334
linear_obserr_scale00_strerr_y20_y25_y29,x8,-0.1517085214495113,0.8959095939675069,0.9163360522133692,0.09149269179191173,False,1.047618115417018,1.047618115417018,1.0680445736628805,11.450292858359548,0.0,False,False,False,False,0.1584699907048311,-1.2793991192626677,1.9725462998226129,0.9992480762660502
linear_obserr_scale00_strerr_y20_y25_y29,x9,-0.7483266868940266,-0.890360682293228,-0.9025442298925632,0.07556415033219883,False,-0.14203399539920136,0.14203399539920136,0.15421754299853663,-1.8796478856016314,0.946,True,False,True,True,0.13088094760614102,-1.301540148893147,1.9946873294530922,0.10353416774339655
linear_obserr_scale00_strerr_y20_y25_y29,x10,-0.7997336015323435,-0.9288485152341805,-0.9426283331856065,0.05656638308828753,False,-0.12911491370183703,0.12911491370183703,0.14289473165326294,-2.282537907723699,0.969,True,False,False,True,0.09797584950931888,-1.677324310338569,2.3704714908985145,0.09937838415276093
linear_obserr_scale00_strerr_y20_y25_y29,x11,0.5858680255671223,0.18878131242579094,0.186578723579758,0.1201981459466912,False,-0.3970867131413313,0.3970867131413313,0.39928930198736423,-3.303600983308364,1.0,False,False,False,False,0.20818929575524825,-0.7511031058573739,1.4442502864173192,0.327933257236666
linear_obserr_scale00_strerr_y20_y25_y29,x12,0.7721495259453386,0.8209525453898745,0.85550295357629,0.12633439814068104,False,0.04880301944453591,0.04880301944453591,0.08335342763095144,0.38630032804043424,0.316,True,True,True,True,0.21881759632329464,-0.8080966305015723,1.5012438110615176,0.04729063305467893
linear_obserr_scale00_strerr_y20_y25_y29,x13,-0.746482021754844,-0.7291020205066606,-0.7295619231481105,0.1555982073644412,False,0.017380001248183397,0.017380001248183397,0.01692009860673349,0.11169795296854586,0.46,True,True,True,True,0.26950400072184993,-0.5213422750097998,1.214489455569745,0.04216871229972001
linear_obserr_scale00_strerr_y20_y25_y29,x14,-0.2163472437658105,-0.07987161256865827,-0.07939703015266066,0.15443759488859768,False,0.13647563119715223,0.13647563119715223,0.13695021361314985,0.8836943575532747,0.215,True,False,True,True,0.2674937609457907,-0.4652825586948957,1.158429739254841,0.07871450789723816
linear_obserr_scale00_strerr_y20_y25_y29,x15,0.9430962720907232,-0.06009957907986439,-0.049915016403601,0.14921130464265656,False,-1.0031958511705876,1.0031958511705876,0.9930112884943242,-6.7233233673086845,1.0,False,False,False,False,0.258441560704719,-0.5068414607644329,1.1999886413243783,0.9184886510735059
linear_obserr_scale00_strerr_y20_y25_y29,x16,-0.9020514328559142,-0.8924278056373678,-0.9063328789552096,0.08265707589485831,False,0.009623627218546371,0.009623627218546371,0.004281446099295483,0.11642835310056027,0.527,True,True,True,True,0.1431662550549713,-1.2850152788122087,1.9781624593721538,0.020114379748697793
linear_obserr_scale00_strerr_y20_y25_y29,x17,0.1702298533623341,-0.2278712186044936,-0.24343703216338208,0.13312851772033624,False,-0.3981010719668277,0.3981010719668277,0.4136668855257162,-2.9903515699252408,0.981,True,False,False,False,0.23058535662795593,-0.66650079223636,1.3596479727963053,0.32766651367416466
linear_obserr_scale00_strerr_y20_y25_y29,x18,-0.9795810111083574,-0.5436426983371959,-0.5459304399484501,0.14435702938160977,False,0.43593831277116146,0.43593831277116146,0.43365057115990724,3.019862036775172,0.0,False,False,False,False,0.2500337093186613,-0.535789743962317,1.2289369245222623,0.3546322669534997
linear_obserr_scale00_strerr_y20_y25_y29,x19,0.4454899868370463,0.2593546673770285,0.238249251244155,0.13300178310169383,False,-0.18613531946001782,0.18613531946001782,0.20724073559289133,-1.3994949174305267,0.896,True,False,True,True,0.23036584582938943,-0.6894374520480271,1.3825846326079723,0.13311651030503016
linear_obserr_scale02,x0,0.5288777277218975,0.5338292805313354,0.5342131433058293,0.01855519558618261,False,0.004951552809437931,0.004951552809437931,0.005335415583931802,0.2668553282793298,0.384,True,True,True,True,0.03213854149964605,-2.584322083762365,3.2774692643223102,0.0049598122651025554
linear_obserr_scale02,x1,-0.2017757702483329,-0.23196167278614682,-0.23221974183842764,0.021226194614289283,False,-0.03018590253781392,0.03018590253781392,0.030443971590094737,-1.4221061799505523,0.914,True,False,True,True,0.036764847523293905,-2.43616238520087,3.129309565760815,0.01990188004703569
linear_obserr_scale02,x2,0.9667675449173256,0.9967235649134426,0.997777844722755,0.0031931063764867886,False,0.029956019996116967,0.029956019996116967,0.031010299805429353,9.38146634158679,0.0,False,False,False,False,0.005530622478047273,-4.72110153949652,5.414248720056466,0.028334025357844093
linear_obserr_scale02,x3,0.8826335870210631,0.8782040849740186,0.8793130893936145,0.024525275085962205,False,-0.004429502047044509,0.004429502047044509,0.003320497627448571,-0.18060967844474335,0.563,True,True,True,True,0.0424790225184897,-2.289270265041768,2.982417445601713,0.005827444605402951
linear_obserr_scale02,x4,0.4035304894201381,0.37856330000964933,0.38913387523509557,0.07180784219381892,False,-0.024967189410488755,0.024967189410488755,0.014396614185042511,-0.3476944668953983,0.554,True,True,True,True,0.12437483106158254,-1.3105200167819566,2.003667197341902,0.021279802438738032
linear_obserr_scale02,x5,-0.1090346728390574,0.012497185994007993,0.031981118129943295,0.1581632756273504,False,0.1215318588330654,0.1215318588330654,0.1410157909690007,0.7683949282854223,0.233,True,False,True,True,0.27394682927809116,-0.4638679834046525,1.1570151639645978,0.07757326066716967
linear_obserr_scale02,x6,0.5550471370401222,0.5759619284534166,0.5648407804590381,0.20473425331282377,False,0.020914791413294442,0.020914791413294442,0.009793643418915865,0.10215579989606174,0.489,True,True,True,True,0.35461012878748743,-0.22048650139818074,0.913633681958126,0.05467522651134392
linear_obserr_scale02,x7,0.1880371436446732,0.8758303664074477,0.9124924082412655,0.11537764389812379,False,0.6877932227627745,0.6877932227627745,0.7244552645965924,5.961234772397351,0.0,False,False,False,False,0.19983994128913962,-1.1105873855767368,1.803734566136682,0.628064485550636
linear_obserr_scale02,x8,0.4097680186419079,0.29876628708290026,0.2713114016844861,0.14581186491548703,False,-0.11100173155900767,0.11100173155900767,0.13845661695742184,-0.7612667983044081,0.745,True,True,True,True,0.2525535583799933,-0.5510736902455766,1.2442208708055218,0.07214186916072375
linear_obserr_scale02,x9,0.793280401222731,0.9092756402978892,0.9356063529265353,0.08950689730885757,False,0.11599523907515819,0.11599523907515819,0.14232595170380424,1.2959363195765623,0.121,True,False,True,True,0.1550304937667913,-1.452246892602947,2.145394073162892,0.09250929572830638
linear_obserr_scale02,x10,0.1356021833383498,0.03841310057683126,0.0294584696839487,0.13154167958160715,False,-0.09718908276151855,0.09718908276151855,0.1061437136544011,-0.7388462962510937,0.769,True,False,True,True,0.22783687234828912,-0.6546787805213117,1.347825961081257,0.06377628577272391
linear_obserr_scale02,x11,0.1996239515902267,0.6322827586723602,0.6219363042173283,0.11068420344781649,False,0.43265880708213345,0.43265880708213345,0.42231235262710154,3.9089481028439264,0.0,False,False,False,False,0.19171066396690845,-0.8166205984257869,1.5097677789857322,0.3712282468196646
linear_obserr_scale02,x12,0.4669678984282543,0.886648576889453,0.9021606735029057,0.08581112726586403,False,0.41968067846119866,0.41968067846119866,0.43519277507465143,4.890748925380324,0.0,False,False,False,False,0.14862923227923547,-1.2276917684385986,1.920838948998544,0.3730911905192899
linear_obserr_scale02,x13,0.3528527453711905,0.5943268193911779,0.6321994182860533,0.16137409887020265,False,0.24147407401998744,0.24147407401998744,0.2793466729148628,1.4963620290404303,0.114,True,False,True,True,0.2795081382688343,-0.5422775894003081,1.2354247699602534,0.17800072590195581
linear_obserr_scale02,x14,-0.7502813423447507,-0.06721933045345677,-0.0553706161438327,0.1274967103590048,False,0.683062011891294,0.683062011891294,0.6949107262009181,5.357487341970866,0.0,False,False,False,False,0.2208307801396895,-0.6781160362357427,1.371263216795688,0.6102660132105813
linear_obserr_scale02,x15,-0.1489327581329333,0.8463289997096687,0.8531223610440763,0.10233448827761063,False,0.995261757842602,0.995261757842602,1.0020551191770097,9.725575166239938,0.0,False,False,False,False,0.17724853306338328,-1.0038116802317756,1.696958860791721,0.93678001753274
linear_obserr_scale02,x16,-0.4363035560403032,-0.030163535721085075,-0.008322368604585951,0.15132672551095633,False,0.4061400203192181,0.4061400203192181,0.4279811874357172,2.6838618158681613,0.019,True,False,False,False,0.2621055771280057,-0.5372430934577909,1.2303902740177362,0.32149033147960043
linear_obserr_scale02,x17,-0.3297287802510691,-0.3868834120973251,-0.4001759389437173,0.11293190602649941,False,-0.057154631846255965,0.057154631846255965,0.07044715869264817,-0.5060981777182142,0.692,True,True,True,True,0.19560379903349084,-0.7950701117545276,1.4882172923144728,0.04264197520362237
linear_obserr_scale02,x18,-0.0309913687618945,-0.3948793859114678,-0.40867711851280764,0.19239833024453537,False,-0.3638880171495733,0.3638880171495733,0.3776857497509131,-1.8913262744384378,0.968,True,False,False,True,0.333243683274951,-0.29871365572337516,0.9918608362833204,0.25512602591530614
linear_obserr_scale02,x19,0.8013893866949202,0.7537362449775394,0.776052263970046,0.12835891610373357,False,-0.047653141717380776,0.047653141717380776,0.025337122724874206,-0.3712491750777155,0.585,True,True,True,True,0.22232416429613747,-0.7232398145827892,1.4163869951427346,0.038853942529076105
linear_obserr_scale02_strerr_y1_y3,x0,-0.5610267802544557,-0.5636338994566074,-0.5645137493777164,0.022335029394498638,False,-0.00260711920215162,0.00260711920215162,0.0034869691232606304,-0.11672781602847507,0.553,True,True,True,True,0.038685405699815975,-2.3765884053083925,3.069735585868338,0.005415820724516612
linear_obserr_scale02_strerr_y1_y3,x1,0.4662830492457139,0.46439985369043424,0.46508473886879464,0.022193593863417842,False,-0.0018831955552796598,0.0018831955552796598,0.0011983103769192538,-0.08485311423057848,0.527,True,True,True,True,0.03844043217398855,-2.3885733040479944,3.08172048460794,0.0053358821778777075
linear_obserr_scale02_strerr_y1_y3,x2,-0.1110904939528525,-0.11415431681214801,-0.11427486728178099,0.009201038104856256,False,-0.0030638228592955036,0.0030638228592955036,0.003184373328928486,-0.33298665046049913,0.639,True,True,True,True,0.015936665479988288,-3.257044064816876,3.9501912453768213,0.002617475974701463
linear_obserr_scale02_strerr_y1_y3,x3,0.0308621144435428,0.020669900494091956,0.0203999338174406,0.01304548719923016,False,-0.010192213949450843,0.010192213949450843,0.0104621806261022,-0.7812827373785094,0.795,True,False,True,True,0.022595446638556047,-2.9218315822199474,3.614978762779893,0.00617319160811236
linear_obserr_scale02_strerr_y1_y3,x4,-0.5074257458624636,-0.45807322557797236,-0.45796485478370597,0.015022291230966973,False,0.04935252028449122,0.04935252028449122,0.04946089107875762,3.2852858146403037,0.002,True,False,False,False,0.026019371658131205,-2.7820162110408844,3.4751633916008298,0.04098327715163425
linear_obserr_scale02_strerr_y1_y3,x5,0.2734088791306668,0.7421946885625526,0.7826826411509008,0.19855292184609125,False,0.46878580943188575,0.46878580943188575,0.509273762020234,2.3610118908009126,0.031,True,False,False,True,0.34390374862868245,-0.3943448119873513,1.0874919925472966,0.36751733065032693
linear_obserr_scale02_strerr_y1_y3,x6,0.9306250314138048,0.7503029652646775,0.7609760858829056,0.13618165009652697,False,-0.18032206614912727,0.18032206614912727,0.16964894553089926,-1.3241289558564837,0.903,True,False,True,True,0.23587353702575178,-0.6212842852243338,1.314431465784279,0.10941478242323954
linear_obserr_scale02_strerr_y1_y3,x7,-0.3621978703099628,-0.6017507855417846,-0.6066815233267003,0.20455506101404808,False,-0.23955291523182182,0.23955291523182182,0.24448365301673752,-1.17109258526422,0.878,True,False,True,True,0.3542997586216829,-0.2038373371234256,0.8969845176833708,0.15334743057175504
linear_obserr_scale02_strerr_y1_y3,x8,0.351862817337766,0.631326547614059,0.6569171642654497,0.21569052707853592,False,0.27946373027629307,0.27946373027629307,0.3050543469276837,1.2956699307176176,0.127,True,False,True,True,0.37358695161133487,-0.19139885965237707,0.8845460402123224,0.17905075333311815
linear_obserr_scale02_strerr_y1_y3,x9,-0.6504991855452151,-0.8281316377284428,-0.8463006138860258,0.12314947555860992,False,-0.17763245218322765,0.17763245218322765,0.1958014283408107,-1.4424133872879379,0.916,True,False,True,True,0.213301148592974,-0.8335055015334584,1.5266526820934037,0.12279795677119924
linear_obserr_scale02_strerr_y1_y3,x10,0.1074983223484444,-0.2804219795772808,-0.3036746465914727,0.233528167082488,False,-0.38792030192572524,0.38792030192572524,0.4111729689399171,-1.6611285343951767,0.936,True,False,True,True,0.404482650385303,-0.06342767138689936,0.7565748519468447,0.2783205880030672
linear_obserr_scale02_strerr_y1_y3,x11,0.8813770054458259,0.7283876671424159,0.7523630339260676,0.17725442270457534,False,-0.15298933830341,0.15298933830341,0.12901397151975824,-0.8631059015006513,0.761,True,False,True,True,0.3070136659906148,-0.4299663428259328,1.1231135233858782,0.08116517758850585
linear_obserr_scale02_strerr_y1_y3,x12,-0.8077788163895905,-0.46680801604607874,-0.4706927166668551,0.24353284187444765,False,0.34097080034351174,0.34097080034351174,0.3370860997227354,1.4001019234986705,0.081,True,False,True,True,0.4218112554381807,-0.01424208489120193,0.7073892654511472,0.21162166069306754
linear_obserr_scale02_strerr_y1_y3,x13,-0.610353860331559,-0.2655883728969545,-0.3122216898182538,0.3131194709322434,False,0.3447654874346045,0.3447654874346045,0.2981321705133052,1.1010669071717007,0.128,True,False,True,True,0.5423388324937317,0.23730302816723833,0.4558441523927069,0.20097912232138324
linear_obserr_scale02_strerr_y1_y3,x14,0.0074871383207526,0.15016149547424598,0.1542673915236062,0.12609268905209284,False,0.1426743571534934,0.1426743571534934,0.1467802532028536,1.1315038026871655,0.123,True,False,True,True,0.2183989439012087,-0.6531122898091012,1.3462594703690465,0.09111313574505697
linear_obserr_scale02_strerr_y1_y3,x15,-0.0586883441041055,0.4132858158293979,0.41629631401029576,0.2809466086153318,False,0.4719741599335034,0.4719741599335034,0.47498465811440127,1.6799425423202876,0.064,True,False,True,True,0.4866138003359227,0.11008963668992407,0.5830575438700212,0.327327811624489
linear_obserr_scale02_strerr_y1_y3,x16,0.771719187901889,0.32533078637345764,0.3205891804045889,0.2893438481400657,False,-0.44638840152843134,0.44638840152843134,0.4511300074973001,-1.5427609897285373,0.915,True,False,True,True,0.5011582458360874,0.15882865382836597,0.5343185267315793,0.30035499666407506
linear_obserr_scale02_strerr_y1_y3,x17,-0.7697074754532476,-0.7465058271601444,-0.7537153712729292,0.14918824094721425,False,0.023201648293103228,0.023201648293103228,0.01599210418031838,0.1555192831941254,0.463,True,True,True,True,0.2584016132124027,-0.5587446097843051,1.2518917903442504,0.039394538121301226
linear_obserr_scale02_strerr_y1_y3,x18,-0.5627253848409721,-0.8901788428316716,-0.920246606053976,0.10554959015033456,False,-0.32745345799069947,0.32745345799069947,0.3575212212130039,-3.102365982893033,0.983,True,False,False,False,0.18281725285845096,-1.2095351858191885,1.9026823663791337,0.27736823469808886
linear_obserr_scale02_strerr_y1_y3,x19,-0.0381060975751716,0.22746072667058492,0.22568161973119244,0.28424311436605765,False,0.2655668242457565,0.2655668242457565,0.263787717306364,0.934294661237601,0.152,True,False,True,True,0.4923235157836228,0.1296879287945046,0.5634592517654406,0.16915519409067925
linear_obserr_scale02_strerr_y20_y25_y29,x0,-0.5610267802544557,-0.5524229760071269,-0.552699598193614,0.013820928786917808,False,0.008603804247328872,0.008603804247328872,0.008327182060841709,0.6225199753198062,0.25,True,False,True,True,0.02393855086673293,-2.862124120678702,3.555271301238647,0.005387547409047872
linear_obserr_scale02_strerr_y20_y25_y29,x1,0.4662830492457139,0.49421019605331906,0.49432817462518297,0.016209382746304415,False,0.027927146807605163,0.027927146807605163,0.02804512537946907,1.7229000785962862,0.054,True,False,True,True,0.028075474475929584,-2.701023544237065,3.3941707247970103,0.01936413514892895
linear_obserr_scale02_strerr_y20_y25_y29,x2,-0.1110904939528525,-0.1435814354516703,-0.14427765813350313,0.008106931535484425,False,-0.03249094149881779,0.03249094149881779,0.033187164180650625,-4.007797692209857,1.0,False,False,False,False,0.014041617312941396,-3.4011742400638694,4.094321420623815,0.027898605760361787
linear_obserr_scale02_strerr_y20_y25_y29,x3,0.0308621144435428,0.033479753241240424,0.03427016119076495,0.011917357722265832,False,0.0026176387976976252,0.0026176387976976252,0.0034080467472221536,0.21964925939975366,0.412,True,True,True,True,0.02064146906693773,-3.00765929273553,3.7008064732954753,0.0030797514290814244
linear_obserr_scale02_strerr_y20_y25_y29,x4,-0.5074257458624636,-0.4980358981766932,-0.4991329731705968,0.014583898762348464,False,0.009389847685770392,0.009389847685770392,0.00829277269186679,0.6438503063400539,0.255,True,True,True,True,0.025260053628828404,-2.808200746841537,3.5013479274014823,0.005468463133851036
linear_obserr_scale02_strerr_y20_y25_y29,x5,0.2734088791306668,0.9197858298206256,0.9389606860495175,0.0694951612127221,False,0.6463769506899588,0.6463769506899588,0.6655518069188507,9.301035344193577,0.0,False,False,False,False,0.12036915010062463,-1.5361998618518578,2.229347042411803,0.6092364328453979
linear_obserr_scale02_strerr_y20_y25_y29,x6,0.9306250314138048,0.9638262296702451,0.9750597071289793,0.03484221343089223,False,0.0332011982564403,0.0332011982564403,0.044434675715174454,0.9529015233860846,0.153,True,False,True,True,0.06034848391046406,-2.3187557199551128,3.011902900515058,0.025583709230030834
linear_obserr_scale02_strerr_y20_y25_y29,x7,-0.3621978703099628,0.8040552638829427,0.8251605512053188,0.13891913024104394,False,1.1662531341929054,1.1662531341929054,1.1873584215152817,8.395194615524115,0.0,False,False,False,False,0.24061499172076617,-0.7069675137641653,1.4001146943241105,1.0883177611024781
linear_obserr_scale02_strerr_y20_y25_y29,x8,0.351862817337766,0.4816342450927334,0.49196022267137496,0.16183147129907186,False,0.12977142775496742,0.12977142775496742,0.14009740533360898,0.801892405187023,0.234,True,False,True,True,0.28030033055361697,-0.43787670325580813,1.1310238838157534,0.08008593073105731
linear_obserr_scale02_strerr_y20_y25_y29,x9,-0.6504991855452151,-0.9141164339330866,-0.935771621418069,0.074672025792654,False,-0.2636172483878715,0.2636172483878715,0.2852724358728539,-3.530334761773737,0.996,True,False,False,False,0.1293357425769704,-1.4672441609657059,2.160391341525651,0.22401970378414207
linear_obserr_scale02_strerr_y20_y25_y29,x10,0.1074983223484444,0.808831130525805,0.826164614290218,0.1257845326850995,False,0.7013328081773607,0.7013328081773607,0.7186662919417737,5.575668114402756,0.0,False,False,False,False,0.2178652014169004,-0.7639986917077738,1.457145872267719,0.631040182770322
linear_obserr_scale02_strerr_y20_y25_y29,x11,0.8813770054458259,0.7836435206108748,0.7988820803302886,0.14729536920790584,False,-0.09773348483495103,0.09773348483495103,0.08249492511553724,-0.6635204172440836,0.724,True,True,True,True,0.2551230631877092,-0.6386015126062593,1.3317486931662046,0.0517717293614256
linear_obserr_scale02_strerr_y20_y25_y29,x12,-0.8077788163895905,-0.7617099336928889,-0.789272871131422,0.18505635556225086,False,0.04606888269670162,0.04606888269670162,0.01850594525816851,0.2489451527170304,0.464,True,True,True,True,0.32052701009734985,-0.4766214463776612,1.1697686269376064,0.04520076709717612
linear_obserr_scale02_strerr_y20_y25_y29,x13,-0.610353860331559,-0.6492177146349287,-0.6734612355098298,0.2094605898893538,False,-0.038863854303369694,0.038863854303369694,0.06310737517827081,-0.1855425611276053,0.592,True,True,True,True,0.3627963838717086,-0.21645451388142192,0.9096016944413672,0.05886766198394608
linear_obserr_scale02_strerr_y20_y25_y29,x14,0.0074871383207526,-0.48014444722536187,-0.4768146425290607,0.09367485416390284,False,-0.48763158554611447,0.48763158554611447,0.4843017808498133,-5.205576137785128,1.0,False,False,False,False,0.16224960680348469,-0.9482710272809972,1.6414182078409425,0.4346440133364012
linear_obserr_scale02_strerr_y20_y25_y29,x15,-0.0586883441041055,-0.5890451902044703,-0.6061675639699007,0.13954722138336015,False,-0.5303568461003648,0.5303568461003648,0.5474792198657952,-3.800554685667181,1.0,False,False,False,False,0.2417028774910418,-0.5673583391951479,1.2605055197550932,0.45132128817078504
linear_obserr_scale02_strerr_y20_y25_y29,x16,0.771719187901889,0.8455412735537456,0.8697082282693431,0.11514416651249164,False,0.07382208565185666,0.07382208565185666,0.09798904036745415,0.641127448205098,0.249,True,False,True,True,0.1994355465948064,-0.9231980808924264,1.6163452614523717,0.054941479925425016
linear_obserr_scale02_strerr_y20_y25_y29,x17,-0.7697074754532476,-0.47276412537329043,-0.4818414246890015,0.1372265638617187,False,0.29694335007995715,0.29694335007995715,0.2878660507642461,2.1638911718228466,0.012,True,False,False,False,0.23768338075659196,-0.5694816248161442,1.2626288053760895,0.22061292137703337
linear_obserr_scale02_strerr_y20_y25_y29,x18,-0.5627253848409721,-0.969264046657688,-0.9765716303575505,0.027540230897926548,False,-0.40653866181671583,0.40653866181671583,0.41384624551657834,-14.761628663299383,1.0,False,False,False,False,0.047701079167387014,,,0.3921581305240693
linear_obserr_scale02_strerr_y20_y25_y29,x19,-0.0381060975751716,-0.4777375781943878,-0.46081459945970327,0.2226039167145982,False,-0.4396314806192162,0.4396314806192162,0.4227085018845317,-1.9749494398289063,0.985,True,False,False,False,0.3855612937135149,-0.1251658684254262,0.8183130489853715,0.3147525727527893
