method,rank,n_datasets_graded,n_samples,n_params,crps_mean,energy_score,rmse_mean,mae_median,mean_abs_z,max_abs_z,frac_abs_z_gt2,frac_degenerate,cov1d_minmax,cov1d_ci50,cov1d_ci90,cov1d_ci95,rank_ks,cov2d_hpd50,cov2d_hpd90,cov2d_hpd95,joint_level_mahalanobis,in_joint50,in_joint90,in_joint95,contraction_mean,entropy_reduction_1d_mean,joint_entropy_gauss,joint_entropy_reduction_gauss
Results_Da/linear_hmc,1,6,1000.0,20.0,0.08080335553955464,0.5419722347949295,0.13690592176611296,0.09241857705027295,1.1354482476135221,3.8560573056028793,0.125,0.0,0.9249999999999999,0.5916666666666667,0.8333333333333334,0.8916666666666666,0.2781666666666667,0.5973684210526317,0.7771929824561403,0.8105263157894737,0.3995,0.6666666666666666,0.6666666666666666,0.6666666666666666,0.11841055735212204,2.2631556799383525,-41.850278302475324,55.71322191367423
Results_Arthur,2,6,1000.0,20.0,0.11205269891189185,0.7036068118245176,0.21672748143208376,0.15550353555681534,0.6535340209536178,2.115269127019943,0.016666666666666666,0.0,0.9916666666666667,0.6416666666666667,0.9583333333333334,0.9916666666666667,0.24283333333333335,0.6298245614035087,0.9508771929824561,0.9780701754385964,0.2316666666666667,0.8333333333333334,0.8333333333333334,0.8333333333333334,0.3744237646188095,1.0335063898475492,-9.368413938397795,23.231357549596705
Results_Da/logistic_hmc,3,6,1000.0,20.0,0.12519346879592355,0.7470627901094858,0.23456187150140384,0.1740024317386538,0.6068523332097148,1.9287022911752814,0.008333333333333333,0.0,1.0,0.6583333333333333,0.9666666666666667,0.9833333333333334,0.19833333333333333,0.7245614035087719,0.9798245614035087,0.9833333333333334,0.1406666666666667,0.8333333333333334,1.0,1.0,0.49309137030189515,0.7225412707449421,-0.6337328478387813,14.496676459037687
Results_Da/evidential_hmc,4,6,1000.0,20.0,0.17479054667163954,1.1236461998350822,0.319160417654147,0.2234943478364938,2.1721158819441873,8.145830407503054,0.3499999999999999,0.0,0.8083333333333332,0.26666666666666666,0.6166666666666667,0.6666666666666666,0.2723333333333333,0.1543859649122807,0.3675438596491228,0.43333333333333335,0.9996666666666667,0.0,0.0,0.0,0.21640649202636483,1.8902082393040534,-34.18815625138046,48.05109986257937
Results_Yang,5,6,679.3333333333334,20.0,0.221821414220031,1.3328134376890755,0.4227141285541968,0.3297592365291954,0.7910302625975842,1.7076352156284298,0.008333333333333333,0.0,0.9916666666666667,0.5416666666666666,0.9249999999999999,0.9666666666666667,0.20945791388980242,0.6403508771929824,0.9666666666666667,0.9798245614035088,0.3838936676350469,0.6666666666666666,0.8333333333333334,0.8333333333333334,0.7207355153179238,0.42003521838120744,6.723313965421422,7.139629645777485
Results_Da/logistic_brute,6,6,1000.0,20.0,0.24167659104394912,1.4314890462535603,0.3926142164350277,0.34341344982009564,1.4599980226353064,7.901621771671841,0.15,0.0,0.9166666666666666,0.47500000000000003,0.7000000000000001,0.75,0.258,0.011403508771929825,0.15087719298245614,0.3201754385964912,0.8276666666666667,0.16666666666666666,0.16666666666666666,0.16666666666666666,0.5233236334329634,1.477532517631821,-86.24849984321602,100.11144345441492
Results_Da/rf_brute,7,6,1000.0,20.0,0.2550576076325492,1.4595238146558103,0.462989001442126,0.37741157443463075,0.7927154429374931,1.7615898305421833,0.008333333333333333,0.0,0.9916666666666667,0.525,0.9083333333333333,0.9333333333333332,0.2255,0.5236842105263158,0.8982456140350877,0.9385964912280702,0.5316666666666666,0.3333333333333333,1.0,1.0,0.8551411888726843,0.2484695985032613,12.138236873541606,1.7247067376573
Results_Da/linear_brute,8,6,1000.0,20.0,0.3320888283116542,2.0068481377600063,0.4834090552174987,0.4187395017611688,14.81049834768652,76.00637089913498,0.44166666666666665,0.0,0.6666666666666666,0.20833333333333334,0.39999999999999997,0.39999999999999997,0.3993333333333333,0.014472455648926236,0.04341982406997887,0.04692859599980343,0.8333333333333334,0.16666666666666666,0.16666666666666666,0.16666666666666666,0.3498987772798429,3.005884676745142,-278.6759375741396,292.5388811853385
Results_Da/evidential_brute,9,6,1000.0,20.0,0.4254857991765955,2.540029657658048,0.5850940320102751,0.44655471120352414,26.76858479579126,404.4650612855503,0.3333333333333333,0.5,0.19999999999999998,0.05833333333333333,0.09166666666666667,0.09166666666666667,0.5303333333333333,0.07775103684194594,0.07775103684194594,0.07775103684194594,0.8333333333333334,0.16666666666666666,0.16666666666666666,0.16666666666666666,0.11265848437692126,3.474911289190407,-329.3260733392067,343.1890169504055
