method,n_datasets_checked,n_samples,n_miss_1d,n_miss_2d_only,n_na_2d,frac_miss_1d,frac_miss_2d_only,frac_na_2d,max_distance_1d
Results_Da/linear_hmc,6,1000.0,1.5,4.5,0.0,0.075,0.02368421052631579,0.0,0.16375888547558123
Results_Arthur,6,1000.0,0.16666666666666666,0.0,0.0,0.008333333333333333,0.0,0.0,0.004016931908251882
Results_Da/logistic_hmc,6,1000.0,0.0,0.16666666666666666,0.0,0.0,0.0008771929824561404,0.0,0.0
Results_Da/evidential_hmc,6,1000.0,3.8333333333333335,20.5,0.0,0.19166666666666665,0.10789473684210527,0.0,0.364303482224776
Results_Yang,6,679.3333333333334,0.16666666666666666,1.5,0.0,0.008333333333333333,0.007894736842105262,0.0,0.035443832595809854
Results_Da/logistic_brute,6,1000.0,1.6666666666666667,26.833333333333332,0.0,0.08333333333333333,0.1412280701754386,0.0,0.12249065176165985
Results_Da/rf_brute,6,1000.0,0.16666666666666666,2.1666666666666665,0.0,0.008333333333333333,0.011403508771929824,0.0,0.004815664939703683
Results_Da/linear_brute,6,1000.0,6.666666666666667,26.5,12.166666666666666,0.3333333333333333,0.1394736842105263,0.06403508771929824,0.5090829082969094
Results_Da/evidential_brute,6,1000.0,16.0,7.166666666666667,4.5,0.7999999999999999,0.037719298245614034,0.02368421052631579,1.100951006028935
