dataset,param_i,param_j,hpd_level,corr,in_hpd50,in_hpd90,in_hpd95
linear_obserr_scale00,x0,x1,1.0,-1.0,False,False,False
linear_obserr_scale00,x0,x2,1.0,1.0,False,False,False
linear_obserr_scale00,x0,x3,1.0,-1.0,False,False,False
linear_obserr_scale00,x0,x4,,-1.0,,,
linear_obserr_scale00,x0,x5,,1.0,,,
linear_obserr_scale00,x0,x6,1.0,-1.0,False,False,False
linear_obserr_scale00,x0,x7,,0.999999999999999,,,
linear_obserr_scale00,x0,x8,,-0.9999999999999991,,,
linear_obserr_scale00,x0,x9,1.0,-1.0,False,False,False
linear_obserr_scale00,x0,x10,,-0.9999999999999974,,,
linear_obserr_scale00,x0,x11,,1.0,,,
linear_obserr_scale00,x0,x12,1.0,1.0,False,False,False
linear_obserr_scale00,x0,x13,0.0,-1.0,True,True,True
linear_obserr_scale00,x0,x14,,-1.0,,,
linear_obserr_scale00,x0,x15,1.0,1.0,False,False,False
linear_obserr_scale00,x0,x16,,-1.0,,,
linear_obserr_scale00,x0,x17,,-1.0,,,
linear_obserr_scale00,x0,x18,1.0,-1.0,False,False,False
linear_obserr_scale00,x0,x19,,-1.0,,,
linear_obserr_scale00,x1,x2,,-1.0,,,
linear_obserr_scale00,x1,x3,,1.0,,,
linear_obserr_scale00,x1,x4,1.0,1.0,False,False,False
linear_obserr_scale00,x1,x5,1.0,-0.9999999999999992,False,False,False
linear_obserr_scale00,x1,x6,,0.9999999999999984,,,
linear_obserr_scale00,x1,x7,,-1.0,,,
linear_obserr_scale00,x1,x8,1.0,1.0,False,False,False
linear_obserr_scale00,x1,x9,,0.9999999999999961,,,
linear_obserr_scale00,x1,x10,1.0,1.0,False,False,False
linear_obserr_scale00,x1,x11,1.0,-1.0,False,False,False
linear_obserr_scale00,x1,x12,1.0,-1.0,False,False,False
linear_obserr_scale00,x1,x13,,0.9999999999999986,,,
linear_obserr_scale00,x1,x14,1.0,1.0,False,False,False
linear_obserr_scale00,x1,x15,1.0,-1.0,False,False,False
linear_obserr_scale00,x1,x16,1.0,0.9999999999999989,False,False,False
linear_obserr_scale00,x1,x17,,1.0,,,
linear_obserr_scale00,x1,x18,,1.0,,,
linear_obserr_scale00,x1,x19,1.0,1.0,False,False,False
linear_obserr_scale00,x2,x3,1.0,-1.0,False,False,False
linear_obserr_scale00,x2,x4,,-1.0,,,
linear_obserr_scale00,x2,x5,1.0,1.0,False,False,False
linear_obserr_scale00,x2,x6,1.0,-0.9999999999999993,False,False,False
linear_obserr_scale00,x2,x7,,1.0,,,
linear_obserr_scale00,x2,x8,1.0,-1.0,False,False,False
linear_obserr_scale00,x2,x9,1.0,-1.0,False,False,False
linear_obserr_scale00,x2,x10,,-0.9999999999999971,,,
linear_obserr_scale00,x2,x11,1.0,1.0,False,False,False
linear_obserr_scale00,x2,x12,1.0,1.0,False,False,False
linear_obserr_scale00,x2,x13,1.0,-1.0,False,False,False
linear_obserr_scale00,x2,x14,1.0,-1.0,False,False,False
linear_obserr_scale00,x2,x15,,1.0,,,
linear_obserr_scale00,x2,x16,,-1.0,,,
linear_obserr_scale00,x2,x17,,-1.0,,,
linear_obserr_scale00,x2,x18,,-1.0,,,
linear_obserr_scale00,x2,x19,,-1.0,,,
linear_obserr_scale00,x3,x4,1.0,0.9999999999999989,False,False,False
linear_obserr_scale00,x3,x5,,-0.9999999999999969,,,
linear_obserr_scale00,x3,x6,1.0,0.9999999999999937,False,False,False
linear_obserr_scale00,x3,x7,,-1.0,,,
linear_obserr_scale00,x3,x8,0.0,0.9999999999999998,True,True,True
linear_obserr_scale00,x3,x9,1.0,0.999999999999995,False,False,False
linear_obserr_scale00,x3,x10,1.0,0.9999999999999907,False,False,False
linear_obserr_scale00,x3,x11,1.0,-1.0,False,False,False
linear_obserr_scale00,x3,x12,1.0,-0.9999999999999903,False,False,False
linear_obserr_scale00,x3,x13,1.0,0.9999999999999991,False,False,False
linear_obserr_scale00,x3,x14,1.0,0.9999999999999954,False,False,False
linear_obserr_scale00,x3,x15,1.0,-0.9999999999999981,False,False,False
linear_obserr_scale00,x3,x16,1.0,1.0,False,False,False
linear_obserr_scale00,x3,x17,,0.9999999999999949,,,
linear_obserr_scale00,x3,x18,1.0,1.0,False,False,False
linear_obserr_scale00,x3,x19,1.0,1.0,False,False,False
linear_obserr_scale00,x4,x5,,-1.0,,,
linear_obserr_scale00,x4,x6,,1.0,,,
linear_obserr_scale00,x4,x7,1.0,-1.0,False,False,False
linear_obserr_scale00,x4,x8,,1.0,,,
linear_obserr_scale00,x4,x9,,1.0,,,
linear_obserr_scale00,x4,x10,,0.9999999999999988,,,
linear_obserr_scale00,x4,x11,,-1.0,,,
linear_obserr_scale00,x4,x12,,-1.0,,,
linear_obserr_scale00,x4,x13,,0.9999999999999991,,,
linear_obserr_scale00,x4,x14,1.0,1.0,False,False,False
linear_obserr_scale00,x4,x15,1.0,-0.999999999999999,False,False,False
linear_obserr_scale00,x4,x16,,1.0,,,
linear_obserr_scale00,x4,x17,,1.0,,,
linear_obserr_scale00,x4,x18,0.0,1.0,True,True,True
linear_obserr_scale00,x4,x19,,0.9999999999999981,,,
linear_obserr_scale00,x5,x6,1.0,-1.0,False,False,False
linear_obserr_scale00,x5,x7,1.0,1.0,False,False,False
linear_obserr_scale00,x5,x8,1.0,-0.9999999999999976,False,False,False
linear_obserr_scale00,x5,x9,,-1.0,,,
linear_obserr_scale00,x5,x10,1.0,-1.0,False,False,False
linear_obserr_scale00,x5,x11,,1.0,,,
linear_obserr_scale00,x5,x12,,0.999999999999999,,,
linear_obserr_scale00,x5,x13,,-0.9999999999999991,,,
linear_obserr_scale00,x5,x14,,-0.9999999999999954,,,
linear_obserr_scale00,x5,x15,1.0,1.0,False,False,False
linear_obserr_scale00,x5,x16,1.0,-1.0,False,False,False
linear_obserr_scale00,x5,x17,,-0.9999999999999991,,,
linear_obserr_scale00,x5,x18,,-1.0,,,
linear_obserr_scale00,x5,x19,,-0.9999999999999959,,,
linear_obserr_scale00,x6,x7,1.0,-1.0,False,False,False
linear_obserr_scale00,x6,x8,,0.9999999999999953,,,
linear_obserr_scale00,x6,x9,1.0,1.0,False,False,False
linear_obserr_scale00,x6,x10,1.0,1.0,False,False,False
linear_obserr_scale00,x6,x11,,-1.0,,,
linear_obserr_scale00,x6,x12,1.0,-1.0,False,False,False
linear_obserr_scale00,x6,x13,1.0,1.0,False,False,False
linear_obserr_scale00,x6,x14,1.0,1.0,False,False,False
linear_obserr_scale00,x6,x15,1.0,-1.0,False,False,False
linear_obserr_scale00,x6,x16,,1.0,,,
linear_obserr_scale00,x6,x17,,0.999999999999996,,,
linear_obserr_scale00,x6,x18,1.0,1.0,False,False,False
linear_obserr_scale00,x6,x19,1.0,1.0,False,False,False
linear_obserr_scale00,x7,x8,,-1.0,,,
linear_obserr_scale00,x7,x9,1.0,-1.0,False,False,False
linear_obserr_scale00,x7,x10,,-1.0,,,
linear_obserr_scale00,x7,x11,1.0,1.0,False,False,False
linear_obserr_scale00,x7,x12,,1.0,,,
linear_obserr_scale00,x7,x13,1.0,-0.9999999999999966,False,False,False
linear_obserr_scale00,x7,x14,1.0,-1.0,False,False,False
linear_obserr_scale00,x7,x15,1.0,1.0,False,False,False
linear_obserr_scale00,x7,x16,1.0,-1.0,False,False,False
linear_obserr_scale00,x7,x17,1.0,-1.0,False,False,False
linear_obserr_scale00,x7,x18,,-1.0,,,
linear_obserr_scale00,x7,x19,0.0,-1.0,True,True,True
linear_obserr_scale00,x8,x9,1.0,1.0,False,False,False
linear_obserr_scale00,x8,x10,1.0,0.9999999999999981,False,False,False
linear_obserr_scale00,x8,x11,1.0,-1.0,False,False,False
linear_obserr_scale00,x8,x12,,-0.9999999999999976,,,
linear_obserr_scale00,x8,x13,1.0,0.9999999999999979,False,False,False
linear_obserr_scale00,x8,x14,1.0,1.0,False,False,False
linear_obserr_scale00,x8,x15,1.0,-0.9999999999999957,False,False,False
linear_obserr_scale00,x8,x16,1.0,0.9999999999999949,False,False,False
linear_obserr_scale00,x8,x17,,0.9999999999999992,,,
linear_obserr_scale00,x8,x18,1.0,0.9999999999999998,False,False,False
linear_obserr_scale00,x8,x19,1.0,0.9999999999999944,False,False,False
linear_obserr_scale00,x9,x10,1.0,0.9999999999999962,False,False,False
linear_obserr_scale00,x9,x11,1.0,-1.0,False,False,False
linear_obserr_scale00,x9,x12,1.0,-0.9999999999999984,False,False,False
linear_obserr_scale00,x9,x13,1.0,0.9999999999999992,False,False,False
linear_obserr_scale00,x9,x14,1.0,0.9999999999999969,False,False,False
linear_obserr_scale00,x9,x15,1.0,-1.0,False,False,False
linear_obserr_scale00,x9,x16,1.0,1.0,False,False,False
linear_obserr_scale00,x9,x17,1.0,1.0,False,False,False
linear_obserr_scale00,x9,x18,1.0,1.0,False,False,False
linear_obserr_scale00,x9,x19,,1.0,,,
linear_obserr_scale00,x10,x11,,-1.0,,,
linear_obserr_scale00,x10,x12,,-0.9999999999999921,,,
linear_obserr_scale00,x10,x13,,1.0,,,
linear_obserr_scale00,x10,x14,1.0,0.9999999999999966,False,False,False
linear_obserr_scale00,x10,x15,,-1.0,,,
linear_obserr_scale00,x10,x16,,0.9999999999999983,,,
linear_obserr_scale00,x10,x17,,0.9999999999999978,,,
linear_obserr_scale00,x10,x18,0.0,1.0,True,True,True
linear_obserr_scale00,x10,x19,,0.999999999999995,,,
linear_obserr_scale00,x11,x12,,0.9999999999999977,,,
linear_obserr_scale00,x11,x13,,-1.0,,,
linear_obserr_scale00,x11,x14,1.0,-1.0,False,False,False
linear_obserr_scale00,x11,x15,,1.0,,,
linear_obserr_scale00,x11,x16,1.0,-1.0,False,False,False
linear_obserr_scale00,x11,x17,,-1.0,,,
linear_obserr_scale00,x11,x18,1.0,-1.0,False,False,False
linear_obserr_scale00,x11,x19,1.0,-1.0,False,False,False
linear_obserr_scale00,x12,x13,1.0,-0.9999999999999934,False,False,False
linear_obserr_scale00,x12,x14,1.0,-1.0,False,False,False
linear_obserr_scale00,x12,x15,1.0,1.0,False,False,False
linear_obserr_scale00,x12,x16,1.0,-0.9999999999999972,False,False,False
linear_obserr_scale00,x12,x17,,-1.0,,,
linear_obserr_scale00,x12,x18,1.0,-1.0,False,False,False
linear_obserr_scale00,x12,x19,,-0.9999999999999972,,,
linear_obserr_scale00,x13,x14,1.0,1.0,False,False,False
linear_obserr_scale00,x13,x15,1.0,-0.9999999999999947,False,False,False
linear_obserr_scale00,x13,x16,,1.0,,,
linear_obserr_scale00,x13,x17,1.0,1.0,False,False,False
linear_obserr_scale00,x13,x18,1.0,1.0,False,False,False
linear_obserr_scale00,x13,x19,,1.0,,,
linear_obserr_scale00,x14,x15,,-0.9999999999999981,,,
linear_obserr_scale00,x14,x16,1.0,1.0,False,False,False
linear_obserr_scale00,x14,x17,,0.9999999999999982,,,
linear_obserr_scale00,x14,x18,1.0,1.0,False,False,False
linear_obserr_scale00,x14,x19,1.0,0.9999999999999929,False,False,False
linear_obserr_scale00,x15,x16,1.0,-0.9999999999999999,False,False,False
linear_obserr_scale00,x15,x17,,-1.0,,,
linear_obserr_scale00,x15,x18,,-1.0,,,
linear_obserr_scale00,x15,x19,,-0.9999999999999959,,,
linear_obserr_scale00,x16,x17,,1.0,,,
linear_obserr_scale00,x16,x18,,1.0,,,
linear_obserr_scale00,x16,x19,,0.9999999999999984,,,
linear_obserr_scale00,x17,x18,,0.9999999999999957,,,
linear_obserr_scale00,x17,x19,,0.9999999999999969,,,
linear_obserr_scale00,x18,x19,,0.9999999999999959,,,
linear_obserr_scale00_strerr_y1_y3,x0,x1,0.999,-1.0,False,False,False
linear_obserr_scale00_strerr_y1_y3,x0,x2,,-0.9999999999999988,,,
linear_obserr_scale00_strerr_y1_y3,x0,x3,,1.0,,,
linear_obserr_scale00_strerr_y1_y3,x0,x4,0.999,-0.9999999999999984,False,False,False
linear_obserr_scale00_strerr_y1_y3,x0,x5,,1.0,,,
linear_obserr_scale00_strerr_y1_y3,x0,x6,,-1.0,,,
linear_obserr_scale00_strerr_y1_y3,x0,x7,,-0.9999999999999993,,,
linear_obserr_scale00_strerr_y1_y3,x0,x8,,1.0,,,
linear_obserr_scale00_strerr_y1_y3,x0,x9,,0.9999999999999937,,,
linear_obserr_scale00_strerr_y1_y3,x0,x10,1.0,0.9999999999999984,False,False,False
linear_obserr_scale00_strerr_y1_y3,x0,x11,,1.0,,,
linear_obserr_scale00_strerr_y1_y3,x0,x12,,1.0,,,
linear_obserr_scale00_strerr_y1_y3,x0,x13,,-1.0,,,
linear_obserr_scale00_strerr_y1_y3,x0,x14,0.999,1.0,False,False,False
linear_obserr_scale00_strerr_y1_y3,x0,x15,,1.0,,,
linear_obserr_scale00_strerr_y1_y3,x0,x16,,0.9999999999999933,,,
linear_obserr_scale00_strerr_y1_y3,x0,x17,,-0.999999999999999,,,
linear_obserr_scale00_strerr_y1_y3,x0,x18,,-1.0,,,
linear_obserr_scale00_strerr_y1_y3,x0,x19,,1.0,,,
linear_obserr_scale00_strerr_y1_y3,x1,x2,1.0,1.0,False,False,False
linear_obserr_scale00_strerr_y1_y3,x1,x3,,-1.0,,,
linear_obserr_scale00_strerr_y1_y3,x1,x4,0.999,1.0,False,False,False
linear_obserr_scale00_strerr_y1_y3,x1,x5,,-0.9999999999999988,,,
linear_obserr_scale00_strerr_y1_y3,x1,x6,0.0,1.0,True,True,True
linear_obserr_scale00_strerr_y1_y3,x1,x7,,1.0,,,
linear_obserr_scale00_strerr_y1_y3,x1,x8,1.0,-1.0,False,False,False
linear_obserr_scale00_strerr_y1_y3,x1,x9,,-0.9999999999999988,,,
linear_obserr_scale00_strerr_y1_y3,x1,x10,1.0,-0.9999999999999917,False,False,False
linear_obserr_scale00_strerr_y1_y3,x1,x11,1.0,-1.0,False,False,False
linear_obserr_scale00_strerr_y1_y3,x1,x12,,-1.0,,,
linear_obserr_scale00_strerr_y1_y3,x1,x13,1.0,1.0,False,False,False
linear_obserr_scale00_strerr_y1_y3,x1,x14,1.0,-0.9999999999999918,False,False,False
linear_obserr_scale00_strerr_y1_y3,x1,x15,0.999,-0.9999999999999956,False,False,False
linear_obserr_scale00_strerr_y1_y3,x1,x16,,-0.99999999999999,,,
linear_obserr_scale00_strerr_y1_y3,x1,x17,1.0,0.9999999999999979,False,False,False
linear_obserr_scale00_strerr_y1_y3,x1,x18,,1.0,,,
linear_obserr_scale00_strerr_y1_y3,x1,x19,1.0,-1.0,False,False,False
linear_obserr_scale00_strerr_y1_y3,x2,x3,,-1.0,,,
linear_obserr_scale00_strerr_y1_y3,x2,x4,0.999,0.9999999999999942,False,False,False
linear_obserr_scale00_strerr_y1_y3,x2,x5,1.0,-0.9999999999999997,False,False,False
linear_obserr_scale00_strerr_y1_y3,x2,x6,1.0,0.9999999999999978,False,False,False
linear_obserr_scale00_strerr_y1_y3,x2,x7,1.0,0.9999999999999973,False,False,False
linear_obserr_scale00_strerr_y1_y3,x2,x8,1.0,-0.9999999999999992,False,False,False
linear_obserr_scale00_strerr_y1_y3,x2,x9,1.0,-0.9999999999999961,False,False,False
linear_obserr_scale00_strerr_y1_y3,x2,x10,0.999,-1.0,False,False,False
linear_obserr_scale00_strerr_y1_y3,x2,x11,1.0,-1.0,False,False,False
linear_obserr_scale00_strerr_y1_y3,x2,x12,,-1.0,,,
linear_obserr_scale00_strerr_y1_y3,x2,x13,1.0,1.0,False,False,False
linear_obserr_scale00_strerr_y1_y3,x2,x14,1.0,-1.0,False,False,False
linear_obserr_scale00_strerr_y1_y3,x2,x15,0.999,-1.0,False,False,False
linear_obserr_scale00_strerr_y1_y3,x2,x16,,-0.999999999999997,,,
linear_obserr_scale00_strerr_y1_y3,x2,x17,,0.9999999999999956,,,
linear_obserr_scale00_strerr_y1_y3,x2,x18,1.0,0.9999999999999981,False,False,False
linear_obserr_scale00_strerr_y1_y3,x2,x19,1.0,-0.999999999999994,False,False,False
linear_obserr_scale00_strerr_y1_y3,x3,x4,1.0,-0.9999999999999993,False,False,False
linear_obserr_scale00_strerr_y1_y3,x3,x5,,1.0,,,
linear_obserr_scale00_strerr_y1_y3,x3,x6,0.999,-1.0,False,False,False
linear_obserr_scale00_strerr_y1_y3,x3,x7,,-1.0,,,
linear_obserr_scale00_strerr_y1_y3,x3,x8,1.0,0.9999999999999999,False,False,False
linear_obserr_scale00_strerr_y1_y3,x3,x9,,1.0,,,
linear_obserr_scale00_strerr_y1_y3,x3,x10,,1.0,,,
linear_obserr_scale00_strerr_y1_y3,x3,x11,1.0,1.0,False,False,False
linear_obserr_scale00_strerr_y1_y3,x3,x12,,0.9999999999999988,,,
linear_obserr_scale00_strerr_y1_y3,x3,x13,1.0,-1.0,False,False,False
linear_obserr_scale00_strerr_y1_y3,x3,x14,0.999,1.0,False,False,False
linear_obserr_scale00_strerr_y1_y3,x3,x15,,1.0,,,
linear_obserr_scale00_strerr_y1_y3,x3,x16,,1.0,,,
linear_obserr_scale00_strerr_y1_y3,x3,x17,1.0,-0.9999999999999953,False,False,False
linear_obserr_scale00_strerr_y1_y3,x3,x18,0.999,-1.0,False,False,False
linear_obserr_scale00_strerr_y1_y3,x3,x19,1.0,0.9999999999999992,False,False,False
linear_obserr_scale00_strerr_y1_y3,x4,x5,1.0,-1.0,False,False,False
linear_obserr_scale00_strerr_y1_y3,x4,x6,,0.9999999999999968,,,
linear_obserr_scale00_strerr_y1_y3,x4,x7,1.0,1.0,False,False,False
linear_obserr_scale00_strerr_y1_y3,x4,x8,1.0,-1.0,False,False,False
linear_obserr_scale00_strerr_y1_y3,x4,x9,0.999,-1.0,False,False,False
linear_obserr_scale00_strerr_y1_y3,x4,x10,0.0,-1.0,True,True,True
linear_obserr_scale00_strerr_y1_y3,x4,x11,0.999,-0.9999999999999943,False,False,False
linear_obserr_scale00_strerr_y1_y3,x4,x12,0.999,-0.9999999999999998,False,False,False
linear_obserr_scale00_strerr_y1_y3,x4,x13,0.999,0.9999999999999981,False,False,False
linear_obserr_scale00_strerr_y1_y3,x4,x14,0.999,-0.999999999999994,False,False,False
linear_obserr_scale00_strerr_y1_y3,x4,x15,,-0.9999999999999971,,,
linear_obserr_scale00_strerr_y1_y3,x4,x16,1.0,-0.9999999999999951,False,False,False
linear_obserr_scale00_strerr_y1_y3,x4,x17,,1.0,,,
linear_obserr_scale00_strerr_y1_y3,x4,x18,,1.0,,,
linear_obserr_scale00_strerr_y1_y3,x4,x19,1.0,-1.0,False,False,False
linear_obserr_scale00_strerr_y1_y3,x5,x6,,-0.9999999999999988,,,
linear_obserr_scale00_strerr_y1_y3,x5,x7,,-0.9999999999999993,,,
linear_obserr_scale00_strerr_y1_y3,x5,x8,,1.0,,,
linear_obserr_scale00_strerr_y1_y3,x5,x9,,0.9999999999999968,,,
linear_obserr_scale00_strerr_y1_y3,x5,x10,1.0,0.9999999999999998,False,False,False
linear_obserr_scale00_strerr_y1_y3,x5,x11,,1.0,,,
linear_obserr_scale00_strerr_y1_y3,x5,x12,,1.0,,,
linear_obserr_scale00_strerr_y1_y3,x5,x13,,-0.9999999999999933,,,
linear_obserr_scale00_strerr_y1_y3,x5,x14,1.0,1.0,False,False,False
linear_obserr_scale00_strerr_y1_y3,x5,x15,,0.9999999999999977,,,
linear_obserr_scale00_strerr_y1_y3,x5,x16,,0.9999999999999959,,,
linear_obserr_scale00_strerr_y1_y3,x5,x17,,-1.0,,,
linear_obserr_scale00_strerr_y1_y3,x5,x18,,-1.0,,,
linear_obserr_scale00_strerr_y1_y3,x5,x19,1.0,1.0,False,False,False
linear_obserr_scale00_strerr_y1_y3,x6,x7,0.999,0.9999999999999959,False,False,False
linear_obserr_scale00_strerr_y1_y3,x6,x8,0.999,-0.9999999999999971,False,False,False
linear_obserr_scale00_strerr_y1_y3,x6,x9,,-0.9999999999999978,,,
linear_obserr_scale00_strerr_y1_y3,x6,x10,,-1.0,,,
linear_obserr_scale00_strerr_y1_y3,x6,x11,0.999,-0.9999999999999968,False,False,False
linear_obserr_scale00_strerr_y1_y3,x6,x12,,-0.9999999999999948,,,
linear_obserr_scale00_strerr_y1_y3,x6,x13,0.999,0.9999999999999972,False,False,False
linear_obserr_scale00_strerr_y1_y3,x6,x14,0.999,-1.0,False,False,False
linear_obserr_scale00_strerr_y1_y3,x6,x15,,-1.0,,,
linear_obserr_scale00_strerr_y1_y3,x6,x16,,-0.9999999999999994,,,
linear_obserr_scale00_strerr_y1_y3,x6,x17,1.0,0.9999999999999957,False,False,False
linear_obserr_scale00_strerr_y1_y3,x6,x18,1.0,1.0,False,False,False
linear_obserr_scale00_strerr_y1_y3,x6,x19,,-1.0,,,
linear_obserr_scale00_strerr_y1_y3,x7,x8,,-1.0,,,
linear_obserr_scale00_strerr_y1_y3,x7,x9,,-0.9999999999999996,,,
linear_obserr_scale00_strerr_y1_y3,x7,x10,1.0,-0.9999999999999988,False,False,False
linear_obserr_scale00_strerr_y1_y3,x7,x11,1.0,-1.0,False,False,False
linear_obserr_scale00_strerr_y1_y3,x7,x12,0.999,-1.0,False,False,False
linear_obserr_scale00_strerr_y1_y3,x7,x13,1.0,1.0,False,False,False
linear_obserr_scale00_strerr_y1_y3,x7,x14,1.0,-0.9999999999999934,False,False,False
linear_obserr_scale00_strerr_y1_y3,x7,x15,1.0,-1.0,False,False,False
linear_obserr_scale00_strerr_y1_y3,x7,x16,,-0.9999999999999986,,,
linear_obserr_scale00_strerr_y1_y3,x7,x17,,0.9999999999999942,,,
linear_obserr_scale00_strerr_y1_y3,x7,x18,,1.0,,,
linear_obserr_scale00_strerr_y1_y3,x7,x19,1.0,-1.0,False,False,False
linear_obserr_scale00_strerr_y1_y3,x8,x9,,1.0,,,
linear_obserr_scale00_strerr_y1_y3,x8,x10,,0.9999999999999974,,,
linear_obserr_scale00_strerr_y1_y3,x8,x11,1.0,1.0,False,False,False
linear_obserr_scale00_strerr_y1_y3,x8,x12,,1.0,,,
linear_obserr_scale00_strerr_y1_y3,x8,x13,1.0,-1.0,False,False,False
linear_obserr_scale00_strerr_y1_y3,x8,x14,,1.0,,,
linear_obserr_scale00_strerr_y1_y3,x8,x15,1.0,0.9999999999999939,False,False,False
linear_obserr_scale00_strerr_y1_y3,x8,x16,,0.9999999999999973,,,
linear_obserr_scale00_strerr_y1_y3,x8,x17,0.999,-1.0,False,False,False
linear_obserr_scale00_strerr_y1_y3,x8,x18,,-1.0,,,
linear_obserr_scale00_strerr_y1_y3,x8,x19,,1.0,,,
linear_obserr_scale00_strerr_y1_y3,x9,x10,,0.9999999999999998,,,
linear_obserr_scale00_strerr_y1_y3,x9,x11,0.999,0.9999999999999958,False,False,False
linear_obserr_scale00_strerr_y1_y3,x9,x12,,1.0,,,
linear_obserr_scale00_strerr_y1_y3,x9,x13,,-1.0,,,
linear_obserr_scale00_strerr_y1_y3,x9,x14,,1.0,,,
linear_obserr_scale00_strerr_y1_y3,x9,x15,,0.9999999999999997,,,
linear_obserr_scale00_strerr_y1_y3,x9,x16,0.999,0.9999999999999953,False,False,False
linear_obserr_scale00_strerr_y1_y3,x9,x17,,-0.999999999999994,,,
linear_obserr_scale00_strerr_y1_y3,x9,x18,0.999,-1.0,False,False,False
linear_obserr_scale00_strerr_y1_y3,x9,x19,,1.0,,,
linear_obserr_scale00_strerr_y1_y3,x10,x11,1.0,1.0,False,False,False
linear_obserr_scale00_strerr_y1_y3,x10,x12,0.999,0.9999999999999991,False,False,False
linear_obserr_scale00_strerr_y1_y3,x10,x13,1.0,-1.0,False,False,False
linear_obserr_scale00_strerr_y1_y3,x10,x14,1.0,0.999999999999995,False,False,False
linear_obserr_scale00_strerr_y1_y3,x10,x15,,0.9999999999999936,,,
linear_obserr_scale00_strerr_y1_y3,x10,x16,,0.9999999999999941,,,
linear_obserr_scale00_strerr_y1_y3,x10,x17,1.0,-0.9999999999999948,False,False,False
linear_obserr_scale00_strerr_y1_y3,x10,x18,1.0,-1.0,False,False,False
linear_obserr_scale00_strerr_y1_y3,x10,x19,,1.0,,,
linear_obserr_scale00_strerr_y1_y3,x11,x12,,0.9999999999999982,,,
linear_obserr_scale00_strerr_y1_y3,x11,x13,1.0,-1.0,False,False,False
linear_obserr_scale00_strerr_y1_y3,x11,x14,0.999,1.0,False,False,False
linear_obserr_scale00_strerr_y1_y3,x11,x15,1.0,1.0,False,False,False
linear_obserr_scale00_strerr_y1_y3,x11,x16,,1.0,,,
linear_obserr_scale00_strerr_y1_y3,x11,x17,,-1.0,,,
linear_obserr_scale00_strerr_y1_y3,x11,x18,1.0,-1.0,False,False,False
linear_obserr_scale00_strerr_y1_y3,x11,x19,1.0,0.9999999999999972,False,False,False
linear_obserr_scale00_strerr_y1_y3,x12,x13,0.999,-1.0,False,False,False
linear_obserr_scale00_strerr_y1_y3,x12,x14,,1.0,,,
linear_obserr_scale00_strerr_y1_y3,x12,x15,0.0,0.9999999999999941,True,True,True
linear_obserr_scale00_strerr_y1_y3,x12,x16,,0.9999999999999973,,,
linear_obserr_scale00_strerr_y1_y3,x12,x17,,-0.9999999999999982,,,
linear_obserr_scale00_strerr_y1_y3,x12,x18,0.0,-1.0,True,True,True
linear_obserr_scale00_strerr_y1_y3,x12,x19,,0.9999999999999981,,,
linear_obserr_scale00_strerr_y1_y3,x13,x14,1.0,-1.0,False,False,False
linear_obserr_scale00_strerr_y1_y3,x13,x15,1.0,-1.0,False,False,False
linear_obserr_scale00_strerr_y1_y3,x13,x16,1.0,-0.9999999999999925,False,False,False
linear_obserr_scale00_strerr_y1_y3,x13,x17,1.0,1.0,False,False,False
linear_obserr_scale00_strerr_y1_y3,x13,x18,1.0,1.0,False,False,False
linear_obserr_scale00_strerr_y1_y3,x13,x19,1.0,-1.0,False,False,False
linear_obserr_scale00_strerr_y1_y3,x14,x15,1.0,0.9999999999999933,False,False,False
linear_obserr_scale00_strerr_y1_y3,x14,x16,,0.9999999999999956,,,
linear_obserr_scale00_strerr_y1_y3,x14,x17,1.0,-0.999999999999999,False,False,False
linear_obserr_scale00_strerr_y1_y3,x14,x18,1.0,-1.0,False,False,False
linear_obserr_scale00_strerr_y1_y3,x14,x19,0.999,1.0,False,False,False
linear_obserr_scale00_strerr_y1_y3,x15,x16,,0.9999999999999946,,,
linear_obserr_scale00_strerr_y1_y3,x15,x17,,-0.9999999999999939,,,
linear_obserr_scale00_strerr_y1_y3,x15,x18,0.999,-0.9999999999999961,False,False,False
linear_obserr_scale00_strerr_y1_y3,x15,x19,1.0,1.0,False,False,False
linear_obserr_scale00_strerr_y1_y3,x16,x17,,-0.9999999999999999,,,
linear_obserr_scale00_strerr_y1_y3,x16,x18,0.999,-0.9999999999999957,False,False,False
linear_obserr_scale00_strerr_y1_y3,x16,x19,0.999,1.0,False,False,False
linear_obserr_scale00_strerr_y1_y3,x17,x18,0.999,1.0,False,False,False
linear_obserr_scale00_strerr_y1_y3,x17,x19,,-0.9999999999999962,,,
linear_obserr_scale00_strerr_y1_y3,x18,x19,0.999,-0.9999999999999979,False,False,False
linear_obserr_scale00_strerr_y20_y25_y29,x0,x1,0.999,-0.172167261770806,False,False,False
linear_obserr_scale00_strerr_y20_y25_y29,x0,x2,0.999,0.9517392237859046,False,False,False
linear_obserr_scale00_strerr_y20_y25_y29,x0,x3,0.999,-0.7684295169061088,False,False,False
linear_obserr_scale00_strerr_y20_y25_y29,x0,x4,1.0,0.9842596648384521,False,False,False
linear_obserr_scale00_strerr_y20_y25_y29,x0,x5,1.0,-0.988328391627184,False,False,False
linear_obserr_scale00_strerr_y20_y25_y29,x0,x6,0.999,0.9938013352330998,False,False,False
linear_obserr_scale00_strerr_y20_y25_y29,x0,x7,0.999,-0.9696660992922385,False,False,False
linear_obserr_scale00_strerr_y20_y25_y29,x0,x8,1.0,-0.43812581594703187,False,False,False
linear_obserr_scale00_strerr_y20_y25_y29,x0,x9,0.999,-0.9914746326843188,False,False,False
linear_obserr_scale00_strerr_y20_y25_y29,x0,x10,1.0,-0.970489490575164,False,False,False
linear_obserr_scale00_strerr_y20_y25_y29,x0,x11,1.0,-0.9815253428979553,False,False,False
linear_obserr_scale00_strerr_y20_y25_y29,x0,x12,1.0,-0.9854805962267312,False,False,False
linear_obserr_scale00_strerr_y20_y25_y29,x0,x13,1.0,0.9320275523369821,False,False,False
linear_obserr_scale00_strerr_y20_y25_y29,x0,x14,1.0,-0.7658455818310309,False,False,False
linear_obserr_scale00_strerr_y20_y25_y29,x0,x15,0.999,-0.36426356642269714,False,False,False
linear_obserr_scale00_strerr_y20_y25_y29,x0,x16,1.0,-0.9888578115839302,False,False,False
linear_obserr_scale00_strerr_y20_y25_y29,x0,x17,1.0,0.9920154485457096,False,False,False
linear_obserr_scale00_strerr_y20_y25_y29,x0,x18,0.999,0.9822186735739156,False,False,False
linear_obserr_scale00_strerr_y20_y25_y29,x0,x19,0.999,0.9702889794392193,False,False,False
linear_obserr_scale00_strerr_y20_y25_y29,x1,x2,1.0,-0.41725059170018536,False,False,False
linear_obserr_scale00_strerr_y20_y25_y29,x1,x3,1.0,0.7223643887665945,False,False,False
linear_obserr_scale00_strerr_y20_y25_y29,x1,x4,1.0,-0.289931572402544,False,False,False
linear_obserr_scale00_strerr_y20_y25_y29,x1,x5,1.0,0.29625599383067447,False,False,False
linear_obserr_scale00_strerr_y20_y25_y29,x1,x6,1.0,-0.1734859948803304,False,False,False
linear_obserr_scale00_strerr_y20_y25_y29,x1,x7,0.999,0.38668360756903125,False,False,False
linear_obserr_scale00_strerr_y20_y25_y29,x1,x8,1.0,0.9241360482161178,False,False,False
linear_obserr_scale00_strerr_y20_y25_y29,x1,x9,0.999,0.26833786574238266,False,False,False
linear_obserr_scale00_strerr_y20_y25_y29,x1,x10,0.999,0.33026146374472576,False,False,False
linear_obserr_scale00_strerr_y20_y25_y29,x1,x11,1.0,0.3349154703368556,False,False,False
linear_obserr_scale00_strerr_y20_y25_y29,x1,x12,1.0,0.31440941423141217,False,False,False
linear_obserr_scale00_strerr_y20_y25_y29,x1,x13,1.0,-0.47577858894648045,False,False,False
linear_obserr_scale00_strerr_y20_y25_y29,x1,x14,1.0,-0.33357498196645013,False,False,False
linear_obserr_scale00_strerr_y20_y25_y29,x1,x15,0.999,0.9799517705251227,False,False,False
linear_obserr_scale00_strerr_y20_y25_y29,x1,x16,1.0,0.2992934286299458,False,False,False
linear_obserr_scale00_strerr_y20_y25_y29,x1,x17,0.999,-0.28768355160989106,False,False,False
linear_obserr_scale00_strerr_y20_y25_y29,x1,x18,1.0,-0.32616074041292126,False,False,False
linear_obserr_scale00_strerr_y20_y25_y29,x1,x19,0.999,-0.33730746585502297,False,False,False
linear_obserr_scale00_strerr_y20_y25_y29,x2,x3,0.999,-0.8477357379620766,False,False,False
linear_obserr_scale00_strerr_y20_y25_y29,x2,x4,1.0,0.9895746959983388,False,False,False
linear_obserr_scale00_strerr_y20_y25_y29,x2,x5,1.0,-0.9873843881899423,False,False,False
linear_obserr_scale00_strerr_y20_y25_y29,x2,x6,1.0,0.9650685352114408,False,False,False
linear_obserr_scale00_strerr_y20_y25_y29,x2,x7,1.0,-0.9969800109395647,False,False,False
linear_obserr_scale00_strerr_y20_y25_y29,x2,x8,0.999,-0.6815284797059318,False,False,False
linear_obserr_scale00_strerr_y20_y25_y29,x2,x9,0.997,-0.983280547586723,False,False,False
linear_obserr_scale00_strerr_y20_y25_y29,x2,x10,1.0,-0.9955995646483171,False,False,False
linear_obserr_scale00_strerr_y20_y25_y29,x2,x11,1.0,-0.992676440303552,False,False,False
linear_obserr_scale00_strerr_y20_y25_y29,x2,x12,1.0,-0.9899591578991501,False,False,False
linear_obserr_scale00_strerr_y20_y25_y29,x2,x13,1.0,0.9978269032797079,False,False,False
linear_obserr_scale00_strerr_y20_y25_y29,x2,x14,0.999,-0.6803615860694232,False,False,False
linear_obserr_scale00_strerr_y20_y25_y29,x2,x15,0.999,-0.5890427047242616,False,False,False
linear_obserr_scale00_strerr_y20_y25_y29,x2,x16,1.0,-0.9866685021936521,False,False,False
linear_obserr_scale00_strerr_y20_y25_y29,x2,x17,1.0,0.9818144460448472,False,False,False
linear_obserr_scale00_strerr_y20_y25_y29,x2,x18,1.0,0.9924227672975116,False,False,False
linear_obserr_scale00_strerr_y20_y25_y29,x2,x19,1.0,0.9962646984574691,False,False,False
linear_obserr_scale00_strerr_y20_y25_y29,x3,x4,0.999,-0.8008670563357086,False,False,False
linear_obserr_scale00_strerr_y20_y25_y29,x3,x5,1.0,0.8175437157568431,False,False,False
linear_obserr_scale00_strerr_y20_y25_y29,x3,x6,1.0,-0.7400905836932768,False,False,False
linear_obserr_scale00_strerr_y20_y25_y29,x3,x7,1.0,0.8562380660019602,False,False,False
linear_obserr_scale00_strerr_y20_y25_y29,x3,x8,0.999,0.7950238424460394,False,False,False
linear_obserr_scale00_strerr_y20_y25_y29,x3,x9,1.0,0.802206587022997,False,False,False
linear_obserr_scale00_strerr_y20_y25_y29,x3,x10,0.999,0.8055177291852209,False,False,False
linear_obserr_scale00_strerr_y20_y25_y29,x3,x11,1.0,0.8346997918421756,False,False,False
linear_obserr_scale00_strerr_y20_y25_y29,x3,x12,1.0,0.8261320298349891,False,False,False
linear_obserr_scale00_strerr_y20_y25_y29,x3,x13,0.999,-0.8696811478469899,False,False,False
linear_obserr_scale00_strerr_y20_y25_y29,x3,x14,1.0,0.207263517108946,False,False,False
linear_obserr_scale00_strerr_y20_y25_y29,x3,x15,1.0,0.8338569555435278,False,False,False
linear_obserr_scale00_strerr_y20_y25_y29,x3,x16,1.0,0.8224177148173899,False,False,False
linear_obserr_scale00_strerr_y20_y25_y29,x3,x17,1.0,-0.8237563084631158,False,False,False
linear_obserr_scale00_strerr_y20_y25_y29,x3,x18,1.0,-0.8279480991250245,False,False,False
linear_obserr_scale00_strerr_y20_y25_y29,x3,x19,1.0,-0.8110049155284138,False,False,False
linear_obserr_scale00_strerr_y20_y25_y29,x4,x5,1.0,-0.9989634174698526,False,False,False
linear_obserr_scale00_strerr_y20_y25_y29,x4,x6,1.0,0.9926340704649427,False,False,False
linear_obserr_scale00_strerr_y20_y25_y29,x4,x7,0.999,-0.9944343641512953,False,False,False
linear_obserr_scale00_strerr_y20_y25_y29,x4,x8,0.999,-0.5693107472962554,False,False,False
linear_obserr_scale00_strerr_y20_y25_y29,x4,x9,0.999,-0.9987809147108707,False,False,False
linear_obserr_scale00_strerr_y20_y25_y29,x4,x10,0.999,-0.9978294861529201,False,False,False
linear_obserr_scale00_strerr_y20_y25_y29,x4,x11,1.0,-0.9982533799269688,False,False,False
linear_obserr_scale00_strerr_y20_y25_y29,x4,x12,1.0,-0.9987926682438606,False,False,False
linear_obserr_scale00_strerr_y20_y25_y29,x4,x13,0.999,0.9781793156094674,False,False,False
linear_obserr_scale00_strerr_y20_y25_y29,x4,x14,0.999,-0.751649822306395,False,False,False
linear_obserr_scale00_strerr_y20_y25_y29,x4,x15,0.997,-0.4745719317733162,False,False,False
linear_obserr_scale00_strerr_y20_y25_y29,x4,x16,0.999,-0.9983344046890645,False,False,False
linear_obserr_scale00_strerr_y20_y25_y29,x4,x17,1.0,0.9963625602537076,False,False,False
linear_obserr_scale00_strerr_y20_y25_y29,x4,x18,0.999,0.9989038407842128,False,False,False
linear_obserr_scale00_strerr_y20_y25_y29,x4,x19,0.999,0.9977544634179204,False,False,False
linear_obserr_scale00_strerr_y20_y25_y29,x5,x6,1.0,-0.9916911299923097,False,False,False
linear_obserr_scale00_strerr_y20_y25_y29,x5,x7,1.0,0.9951571146854169,False,False,False
linear_obserr_scale00_strerr_y20_y25_y29,x5,x8,0.999,0.5644768963458618,False,False,False
linear_obserr_scale00_strerr_y20_y25_y29,x5,x9,0.999,0.9995757143477848,False,False,False
linear_obserr_scale00_strerr_y20_y25_y29,x5,x10,0.999,0.9948397586497605,False,False,False
linear_obserr_scale00_strerr_y20_y25_y29,x5,x11,1.0,0.99912610725844,False,False,False
linear_obserr_scale00_strerr_y20_y25_y29,x5,x12,1.0,0.9998137447521376,False,False,False
linear_obserr_scale00_strerr_y20_y25_y29,x5,x13,0.999,-0.9761554851759634,False,False,False
linear_obserr_scale00_strerr_y20_y25_y29,x5,x14,0.999,0.7324457074206937,False,False,False
linear_obserr_scale00_strerr_y20_y25_y29,x5,x15,0.999,0.480607323129193,False,False,False
linear_obserr_scale00_strerr_y20_y25_y29,x5,x16,1.0,0.9999247920759028,False,False,False
linear_obserr_scale00_strerr_y20_y25_y29,x5,x17,0.999,-0.9991546110044548,False,False,False
linear_obserr_scale00_strerr_y20_y25_y29,x5,x18,1.0,-0.9993506952361376,False,False,False
linear_obserr_scale00_strerr_y20_y25_y29,x5,x19,1.0,-0.995071820731643,False,False,False
linear_obserr_scale00_strerr_y20_y25_y29,x6,x7,0.999,-0.9753032514979667,False,False,False
linear_obserr_scale00_strerr_y20_y25_y29,x6,x8,0.999,-0.4659945168105037,False,False,False
linear_obserr_scale00_strerr_y20_y25_y29,x6,x9,0.999,-0.994969342013193,False,False,False
linear_obserr_scale00_strerr_y20_y25_y29,x6,x10,0.999,-0.9843524176568204,False,False,False
linear_obserr_scale00_strerr_y20_y25_y29,x6,x11,0.999,-0.9859349079762881,False,False,False
linear_obserr_scale00_strerr_y20_y25_y29,x6,x12,1.0,-0.9891834543485742,False,False,False
linear_obserr_scale00_strerr_y20_y25_y29,x6,x13,0.999,0.9459084954901761,False,False,False
linear_obserr_scale00_strerr_y20_y25_y29,x6,x14,0.999,-0.8084311419702356,False,False,False
linear_obserr_scale00_strerr_y20_y25_y29,x6,x15,0.997,-0.3661452811730941,False,False,False
linear_obserr_scale00_strerr_y20_y25_y29,x6,x16,1.0,-0.990903860117813,False,False,False
linear_obserr_scale00_strerr_y20_y25_y29,x6,x17,0.999,0.9909010884036802,False,False,False
linear_obserr_scale00_strerr_y20_y25_y29,x6,x18,0.999,0.9875341366178724,False,False,False
linear_obserr_scale00_strerr_y20_y25_y29,x6,x19,1.0,0.9835112792273503,False,False,False
linear_obserr_scale00_strerr_y20_y25_y29,x7,x8,0.999,0.6426503333100798,False,False,False
linear_obserr_scale00_strerr_y20_y25_y29,x7,x9,1.0,0.9919622820980578,False,False,False
linear_obserr_scale00_strerr_y20_y25_y29,x7,x10,0.997,0.9955154697170698,False,False,False
linear_obserr_scale00_strerr_y20_y25_y29,x7,x11,1.0,0.9983954442785711,False,False,False
linear_obserr_scale00_strerr_y20_y25_y29,x7,x12,0.999,0.996866330175685,False,False,False
linear_obserr_scale00_strerr_y20_y25_y29,x7,x13,1.0,-0.9921377583153307,False,False,False
linear_obserr_scale00_strerr_y20_y25_y29,x7,x14,0.999,0.6808068969162212,False,False,False
linear_obserr_scale00_strerr_y20_y25_y29,x7,x15,0.999,0.56261792429809,False,False,False
linear_obserr_scale00_strerr_y20_y25_y29,x7,x16,0.999,0.9951501735831487,False,False,False
linear_obserr_scale00_strerr_y20_y25_y29,x7,x17,0.999,-0.9926625716542435,False,False,False
linear_obserr_scale00_strerr_y20_y25_y29,x7,x18,0.999,-0.9978962338831471,False,False,False
linear_obserr_scale00_strerr_y20_y25_y29,x7,x19,0.999,-0.9963316289993853,False,False,False
linear_obserr_scale00_strerr_y20_y25_y29,x8,x9,1.0,0.5414744022407711,False,False,False
linear_obserr_scale00_strerr_y20_y25_y29,x8,x10,0.999,0.6128475297299785,False,False,False
linear_obserr_scale00_strerr_y20_y25_y29,x8,x11,0.999,0.5984252317634933,False,False,False
linear_obserr_scale00_strerr_y20_y25_y29,x8,x12,0.999,0.5801737262690733,False,False,False
linear_obserr_scale00_strerr_y20_y25_y29,x8,x13,0.999,-0.7276903617327334,False,False,False
linear_obserr_scale00_strerr_y20_y25_y29,x8,x14,1.0,0.04029252096378498,False,False,False
linear_obserr_scale00_strerr_y20_y25_y29,x8,x15,0.999,0.9661842621202109,False,False,False
linear_obserr_scale00_strerr_y20_y25_y29,x8,x16,1.0,0.5642390988926602,False,False,False
linear_obserr_scale00_strerr_y20_y25_y29,x8,x17,0.999,-0.5478159327955828,False,False,False
linear_obserr_scale00_strerr_y20_y25_y29,x8,x18,1.0,-0.5931175407947694,False,False,False
linear_obserr_scale00_strerr_y20_y25_y29,x8,x19,0.999,-0.6174316057128494,False,False,False
linear_obserr_scale00_strerr_y20_y25_y29,x9,x10,1.0,0.9934565360710217,False,False,False
linear_obserr_scale00_strerr_y20_y25_y29,x9,x11,1.0,0.997528469690072,False,False,False
linear_obserr_scale00_strerr_y20_y25_y29,x9,x12,0.999,0.9988386535081213,False,False,False
linear_obserr_scale00_strerr_y20_y25_y29,x9,x13,0.999,-0.9701784839292699,False,False,False
linear_obserr_scale00_strerr_y20_y25_y29,x9,x14,0.999,0.7493749178708812,False,False,False
linear_obserr_scale00_strerr_y20_y25_y29,x9,x15,0.999,0.4548853491906663,False,False,False
linear_obserr_scale00_strerr_y20_y25_y29,x9,x16,0.999,0.9993920848401718,False,False,False
linear_obserr_scale00_strerr_y20_y25_y29,x9,x17,1.0,-0.9989325214987044,False,False,False
linear_obserr_scale00_strerr_y20_y25_y29,x9,x18,0.999,-0.9980322171116905,False,False,False
linear_obserr_scale00_strerr_y20_y25_y29,x9,x19,0.999,-0.993468482601001,False,False,False
linear_obserr_scale00_strerr_y20_y25_y29,x10,x11,1.0,0.9963650424379589,False,False,False
linear_obserr_scale00_strerr_y20_y25_y29,x10,x12,0.999,0.9956472853205461,False,False,False
linear_obserr_scale00_strerr_y20_y25_y29,x10,x13,1.0,-0.9873193707729975,False,False,False
linear_obserr_scale00_strerr_y20_y25_y29,x10,x14,0.999,0.7414144731355593,False,False,False
linear_obserr_scale00_strerr_y20_y25_y29,x10,x15,0.999,0.5107272199958627,False,False,False
linear_obserr_scale00_strerr_y20_y25_y29,x10,x16,0.997,0.9937666842896947,False,False,False
linear_obserr_scale00_strerr_y20_y25_y29,x10,x17,0.999,-0.989882267043948,False,False,False
linear_obserr_scale00_strerr_y20_y25_y29,x10,x18,1.0,-0.9970151888093378,False,False,False
linear_obserr_scale00_strerr_y20_y25_y29,x10,x19,1.0,-0.9999565544326778,False,False,False
linear_obserr_scale00_strerr_y20_y25_y29,x11,x12,0.999,0.999744807232454,False,False,False
linear_obserr_scale00_strerr_y20_y25_y29,x11,x13,0.997,-0.9841437106614594,False,False,False
linear_obserr_scale00_strerr_y20_y25_y29,x11,x14,1.0,0.7116892221268946,False,False,False
linear_obserr_scale00_strerr_y20_y25_y29,x11,x15,0.997,0.5159177920860148,False,False,False
linear_obserr_scale00_strerr_y20_y25_y29,x11,x16,1.0,0.9990712985429326,False,False,False
linear_obserr_scale00_strerr_y20_y25_y29,x11,x17,1.0,-0.997552419305588,False,False,False
linear_obserr_scale00_strerr_y20_y25_y29,x11,x18,0.999,-0.99992402256559,False,False,False
linear_obserr_scale00_strerr_y20_y25_y29,x11,x19,0.999,-0.996840714515959,False,False,False
linear_obserr_scale00_strerr_y20_y25_y29,x12,x13,0.997,-0.9799823126782922,False,False,False
linear_obserr_scale00_strerr_y20_y25_y29,x12,x14,0.999,0.7224079171360603,False,False,False
linear_obserr_scale00_strerr_y20_y25_y29,x12,x15,0.997,0.4972352647180248,False,False,False
linear_obserr_scale00_strerr_y20_y25_y29,x12,x16,0.999,0.9997640630124442,False,False,False
linear_obserr_scale00_strerr_y20_y25_y29,x12,x17,0.999,-0.998681716754421,False,False,False
linear_obserr_scale00_strerr_y20_y25_y29,x12,x18,1.0,-0.9998177915917763,False,False,False
linear_obserr_scale00_strerr_y20_y25_y29,x12,x19,0.999,-0.9960011946589902,False,False,False
linear_obserr_scale00_strerr_y20_y25_y29,x13,x14,0.999,-0.6366527791213948,False,False,False
linear_obserr_scale00_strerr_y20_y25_y29,x13,x15,0.997,-0.6404366280386029,False,False,False
linear_obserr_scale00_strerr_y20_y25_y29,x13,x16,0.999,-0.9755875411819833,False,False,False
linear_obserr_scale00_strerr_y20_y25_y29,x13,x17,1.0,0.9698258805168865,False,False,False
linear_obserr_scale00_strerr_y20_y25_y29,x13,x18,1.0,0.9833309996752059,False,False,False
linear_obserr_scale00_strerr_y20_y25_y29,x13,x19,1.0,0.9884254943883215,False,False,False
linear_obserr_scale00_strerr_y20_y25_y29,x14,x15,1.0,-0.1535849101364265,False,False,False
linear_obserr_scale00_strerr_y20_y25_y29,x14,x16,0.999,0.7262553339307014,False,False,False
linear_obserr_scale00_strerr_y20_y25_y29,x14,x17,0.999,-0.7222946341783785,False,False,False
linear_obserr_scale00_strerr_y20_y25_y29,x14,x18,1.0,-0.7201341523076078,False,False,False
linear_obserr_scale00_strerr_y20_y25_y29,x14,x19,0.999,-0.7352775473898644,False,False,False
linear_obserr_scale00_strerr_y20_y25_y29,x15,x16,0.999,0.4833837143848428,False,False,False
linear_obserr_scale00_strerr_y20_y25_y29,x15,x17,0.997,-0.4725711894542803,False,False,False
linear_obserr_scale00_strerr_y20_y25_y29,x15,x18,0.999,-0.5079242186250287,False,False,False
linear_obserr_scale00_strerr_y20_y25_y29,x15,x19,0.999,-0.5172465244247513,False,False,False
linear_obserr_scale00_strerr_y20_y25_y29,x16,x17,0.999,-0.9995271782303848,False,False,False
linear_obserr_scale00_strerr_y20_y25_y29,x16,x18,0.999,-0.9991696683223455,False,False,False
linear_obserr_scale00_strerr_y20_y25_y29,x16,x19,0.999,-0.9940906217507294,False,False,False
linear_obserr_scale00_strerr_y20_y25_y29,x17,x18,0.999,0.9975294084613371,False,False,False
linear_obserr_scale00_strerr_y20_y25_y29,x17,x19,0.999,0.9902829204899415,False,False,False
linear_obserr_scale00_strerr_y20_y25_y29,x18,x19,1.0,0.9973762276959117,False,False,False
linear_obserr_scale02,x0,x1,0.999,-0.5915676401632779,False,False,False
linear_obserr_scale02,x0,x2,0.999,-0.9263052525558816,False,False,False
linear_obserr_scale02,x0,x3,0.999,0.9241001633593997,False,False,False
linear_obserr_scale02,x0,x4,0.999,0.8713223046209219,False,False,False
linear_obserr_scale02,x0,x5,1.0,0.5893049903195111,False,False,False
linear_obserr_scale02,x0,x6,0.999,-0.2663226115241987,False,False,False
linear_obserr_scale02,x0,x7,0.998,-0.6196924800756557,False,False,False
linear_obserr_scale02,x0,x8,1.0,-0.3789989283052159,False,False,False
linear_obserr_scale02,x0,x9,1.0,-0.47992231813886665,False,False,False
linear_obserr_scale02,x0,x10,1.0,-0.9460815574717988,False,False,False
linear_obserr_scale02,x0,x11,0.999,-0.007037547890400997,False,False,False
linear_obserr_scale02,x0,x12,0.998,-0.44457842518537977,False,False,False
linear_obserr_scale02,x0,x13,1.0,-0.6715526778467448,False,False,False
linear_obserr_scale02,x0,x14,1.0,-0.615282055126952,False,False,False
linear_obserr_scale02,x0,x15,0.999,-0.3229147099289969,False,False,False
linear_obserr_scale02,x0,x16,1.0,0.1767577776738078,False,False,False
linear_obserr_scale02,x0,x17,0.998,-0.8972880374205051,False,False,False
linear_obserr_scale02,x0,x18,1.0,0.5273759357545585,False,False,False
linear_obserr_scale02,x0,x19,1.0,0.5892294072732108,False,False,False
linear_obserr_scale02,x1,x2,0.998,0.6946986599040988,False,False,False
linear_obserr_scale02,x1,x3,0.998,-0.7832946837101766,False,False,False
linear_obserr_scale02,x1,x4,0.999,-0.593172856560313,False,False,False
linear_obserr_scale02,x1,x5,0.999,-0.8671550657176611,False,False,False
linear_obserr_scale02,x1,x6,0.999,0.737249482118531,False,False,False
linear_obserr_scale02,x1,x7,0.998,0.7924680989239906,False,False,False
linear_obserr_scale02,x1,x8,0.998,0.6552988138097701,False,False,False
linear_obserr_scale02,x1,x9,0.999,0.22813973290202458,False,False,False
linear_obserr_scale02,x1,x10,0.998,0.4694599388206408,False,False,False
linear_obserr_scale02,x1,x11,0.998,0.785315895943298,False,False,False
linear_obserr_scale02,x1,x12,0.998,-0.4253799802491585,False,False,False
linear_obserr_scale02,x1,x13,0.999,0.24275249588276465,False,False,False
linear_obserr_scale02,x1,x14,0.999,-0.25607015829077623,False,False,False
linear_obserr_scale02,x1,x15,0.998,0.9066177908123233,False,False,False
linear_obserr_scale02,x1,x16,0.998,-0.8038037324563351,False,False,False
linear_obserr_scale02,x1,x17,0.998,0.5184210066971694,False,False,False
linear_obserr_scale02,x1,x18,0.999,0.2125505570800566,False,False,False
linear_obserr_scale02,x1,x19,0.999,-0.8725202713699912,False,False,False
linear_obserr_scale02,x2,x3,0.998,-0.9653054752550383,False,False,False
linear_obserr_scale02,x2,x4,0.998,-0.6664396926523489,False,False,False
linear_obserr_scale02,x2,x5,1.0,-0.5018514654458662,False,False,False
linear_obserr_scale02,x2,x6,1.0,0.16614298895861337,False,False,False
linear_obserr_scale02,x2,x7,1.0,0.4804159080537633,False,False,False
linear_obserr_scale02,x2,x8,0.998,0.6934395768373921,False,False,False
linear_obserr_scale02,x2,x9,1.0,0.7189056316194203,False,False,False
linear_obserr_scale02,x2,x10,0.998,0.8716933276962239,False,False,False
linear_obserr_scale02,x2,x11,0.998,0.25686569792950714,False,False,False
linear_obserr_scale02,x2,x12,0.998,0.17067114842204556,False,False,False
linear_obserr_scale02,x2,x13,0.998,0.8217309947299059,False,False,False
linear_obserr_scale02,x2,x14,1.0,0.47157958575121645,False,False,False
linear_obserr_scale02,x2,x15,0.999,0.5682708659636052,False,False,False
linear_obserr_scale02,x2,x16,1.0,-0.17933068123631274,False,False,False
linear_obserr_scale02,x2,x17,0.999,0.6898852757854307,False,False,False
linear_obserr_scale02,x2,x18,1.0,-0.1917577765053961,False,False,False
linear_obserr_scale02,x2,x19,1.0,-0.5091505472710669,False,False,False
linear_obserr_scale02,x3,x4,0.998,0.7502512928340143,False,False,False
linear_obserr_scale02,x3,x5,0.999,0.6552941283775389,False,False,False
linear_obserr_scale02,x3,x6,0.999,-0.3458566014422181,False,False,False
linear_obserr_scale02,x3,x7,0.999,-0.6324134727650627,False,False,False
linear_obserr_scale02,x3,x8,0.998,-0.6566140068610781,False,False,False
linear_obserr_scale02,x3,x9,0.999,-0.5845284772384766,False,False,False
linear_obserr_scale02,x3,x10,1.0,-0.8650932448724938,False,False,False
linear_obserr_scale02,x3,x11,0.999,-0.3242762297245784,False,False,False
linear_obserr_scale02,x3,x12,0.998,-0.1154006147563346,False,False,False
linear_obserr_scale02,x3,x13,0.998,-0.6947350974626735,False,False,False
linear_obserr_scale02,x3,x14,0.999,-0.3441864396674156,False,False,False
linear_obserr_scale02,x3,x15,0.999,-0.619555948074469,False,False,False
linear_obserr_scale02,x3,x16,0.998,0.36389940281325495,False,False,False
linear_obserr_scale02,x3,x17,0.998,-0.740445829456231,False,False,False
linear_obserr_scale02,x3,x18,0.998,0.19133088873185589,False,False,False
linear_obserr_scale02,x3,x19,0.998,0.6579949872973283,False,False,False
linear_obserr_scale02,x4,x5,0.998,0.8091483256431676,False,False,False
linear_obserr_scale02,x4,x6,0.998,-0.6075180294434682,False,False,False
linear_obserr_scale02,x4,x7,0.998,-0.863645056856705,False,False,False
linear_obserr_scale02,x4,x8,0.998,-0.022971988763790006,False,False,False
linear_obserr_scale02,x4,x9,0.999,0.00475889590752521,False,False,False
linear_obserr_scale02,x4,x10,0.999,-0.7790542000001612,False,False,False
linear_obserr_scale02,x4,x11,0.896,0.011552700153443616,False,True,True
linear_obserr_scale02,x4,x12,0.998,-0.426952642339263,False,False,False
linear_obserr_scale02,x4,x13,1.0,-0.22734914352126198,False,False,False
linear_obserr_scale02,x4,x14,1.0,-0.4040684167444526,False,False,False
linear_obserr_scale02,x4,x15,0.998,-0.20920316283416557,False,False,False
linear_obserr_scale02,x4,x16,0.999,0.43801669521013,False,False,False
linear_obserr_scale02,x4,x17,0.998,-0.9782421091493522,False,False,False
linear_obserr_scale02,x4,x18,0.999,0.6560708389315193,False,False,False
linear_obserr_scale02,x4,x19,0.998,0.7974176920493959,False,False,False
linear_obserr_scale02,x5,x6,0.999,-0.9319708515364965,False,False,False
linear_obserr_scale02,x5,x7,0.998,-0.9863696143800836,False,False,False
linear_obserr_scale02,x5,x8,0.998,-0.2082353891020726,False,False,False
linear_obserr_scale02,x5,x9,1.0,0.18440823013315424,False,False,False
linear_obserr_scale02,x5,x10,0.999,-0.4659764903960317,False,False,False
linear_obserr_scale02,x5,x11,0.998,-0.5174866174589985,False,False,False
linear_obserr_scale02,x5,x12,0.998,0.15998182321338503,False,False,False
linear_obserr_scale02,x5,x13,1.0,0.07338424281638044,False,False,False
linear_obserr_scale02,x5,x14,1.0,0.19674493763667203,False,False,False
linear_obserr_scale02,x5,x15,0.999,-0.602759699542986,False,False,False
linear_obserr_scale02,x5,x16,0.999,0.875910773277008,False,False,False
linear_obserr_scale02,x5,x17,0.998,-0.722376792098003,False,False,False
linear_obserr_scale02,x5,x18,1.0,0.1543964069277043,False,False,False
linear_obserr_scale02,x5,x19,0.998,0.9952459268768634,False,False,False
linear_obserr_scale02,x6,x7,0.998,0.9159331168697022,False,False,False
linear_obserr_scale02,x6,x8,1.0,0.008359160476194217,False,False,False
linear_obserr_scale02,x6,x9,1.0,-0.48210735038039315,False,False,False
linear_obserr_scale02,x6,x10,0.998,0.1498734969257283,False,False,False
linear_obserr_scale02,x6,x11,0.999,0.5586992585483298,False,False,False
linear_obserr_scale02,x6,x12,0.998,-0.32612796148369777,False,False,False
linear_obserr_scale02,x6,x13,0.999,-0.4175239774135754,False,False,False
linear_obserr_scale02,x6,x14,1.0,-0.4693762577117716,False,False,False
linear_obserr_scale02,x6,x15,0.999,0.5155086334282811,False,False,False
linear_obserr_scale02,x6,x16,0.998,-0.950156594340007,False,False,False
linear_obserr_scale02,x6,x17,0.998,0.5020748463657349,False,False,False
linear_obserr_scale02,x6,x18,0.999,-0.021093227215485958,False,False,False
linear_obserr_scale02,x6,x19,0.998,-0.9283973721117684,False,False,False
linear_obserr_scale02,x7,x8,0.998,0.09395683426332807,False,False,False
linear_obserr_scale02,x7,x9,0.999,-0.24199053471121,False,False,False
linear_obserr_scale02,x7,x10,0.999,0.5232370911158658,False,False,False
linear_obserr_scale02,x7,x11,0.999,0.39463274250199015,False,False,False
linear_obserr_scale02,x7,x12,0.998,-0.02011703512658592,False,False,False
linear_obserr_scale02,x7,x13,0.999,-0.09797942470345593,False,False,False
linear_obserr_scale02,x7,x14,0.998,-0.10155104658327255,False,False,False
linear_obserr_scale02,x7,x15,0.999,0.4835967907118933,False,False,False
linear_obserr_scale02,x7,x16,0.998,-0.8276647621686515,False,False,False
linear_obserr_scale02,x7,x17,0.999,0.7972761140234481,False,False,False
linear_obserr_scale02,x7,x18,0.999,-0.2949285201842063,False,False,False
linear_obserr_scale02,x7,x19,1.0,-0.9863437520032148,False,False,False
linear_obserr_scale02,x8,x9,0.998,0.8002149330488875,False,False,False
linear_obserr_scale02,x8,x10,0.999,0.35410797019669715,False,False,False
linear_obserr_scale02,x8,x11,0.998,0.6868136652480556,False,False,False
linear_obserr_scale02,x8,x12,0.999,-0.47956338984197444,False,False,False
linear_obserr_scale02,x8,x13,0.998,0.685933962835091,False,False,False
linear_obserr_scale02,x8,x14,0.998,-0.10051587375686193,False,False,False
linear_obserr_scale02,x8,x15,0.998,0.8440795308847419,False,False,False
linear_obserr_scale02,x8,x16,0.999,-0.22884756237086196,False,False,False
linear_obserr_scale02,x8,x17,0.998,0.013394397249687799,False,False,False
linear_obserr_scale02,x8,x18,0.999,0.5591188519556741,False,False,False
linear_obserr_scale02,x8,x19,0.998,-0.2265671146446727,False,False,False
linear_obserr_scale02,x9,x10,0.999,0.4967867668076151,False,False,False
linear_obserr_scale02,x9,x11,0.998,0.1247593358286178,False,False,False
linear_obserr_scale02,x9,x12,0.998,0.042409906017508346,False,False,False
linear_obserr_scale02,x9,x13,1.0,0.9611680945730255,False,False,False
linear_obserr_scale02,x9,x14,1.0,0.45077997141818404,False,False,False
linear_obserr_scale02,x9,x15,0.999,0.37860043333762855,False,False,False
linear_obserr_scale02,x9,x16,0.999,0.34801662965784586,False,False,False
linear_obserr_scale02,x9,x17,1.0,0.05544089449501465,False,False,False
linear_obserr_scale02,x9,x18,1.0,0.17921476995640934,False,False,False
linear_obserr_scale02,x9,x19,0.999,0.17415724795350093,False,False,False
linear_obserr_scale02,x10,x11,0.998,-0.06435453868531833,False,False,False
linear_obserr_scale02,x10,x12,0.998,0.525176839470019,False,False,False
linear_obserr_scale02,x10,x13,0.998,0.6781641720427299,False,False,False
linear_obserr_scale02,x10,x14,0.999,0.6541651327876875,False,False,False
linear_obserr_scale02,x10,x15,0.998,0.23151186609610877,False,False,False
linear_obserr_scale02,x10,x16,0.999,-0.09885327190018259,False,False,False
linear_obserr_scale02,x10,x17,0.998,0.8567358999114213,False,False,False
linear_obserr_scale02,x10,x18,0.999,-0.5458193984778354,False,False,False
linear_obserr_scale02,x10,x19,0.998,-0.49199286788291924,False,False,False
linear_obserr_scale02,x11,x12,0.998,-0.8746149404661091,False,False,False
linear_obserr_scale02,x11,x13,0.998,-0.029029806824208745,False,False,False
linear_obserr_scale02,x11,x14,0.999,-0.7130414265847256,False,False,False
linear_obserr_scale02,x11,x15,0.998,0.937103108905863,False,False,False
linear_obserr_scale02,x11,x16,0.998,-0.7559293144867398,False,False,False
linear_obserr_scale02,x11,x17,0.998,-0.08932757161014147,False,False,False
linear_obserr_scale02,x11,x18,0.998,0.7436250794469323,False,False,False
linear_obserr_scale02,x11,x19,0.998,-0.538074915584919,False,False,False
linear_obserr_scale02,x12,x13,0.998,0.2724929118980767,False,False,False
linear_obserr_scale02,x12,x14,0.998,0.8952564978798185,False,False,False
linear_obserr_scale02,x12,x15,0.998,-0.6972996998453137,False,False,False
linear_obserr_scale02,x12,x16,0.998,0.5398050778204935,False,False,False
linear_obserr_scale02,x12,x17,0.999,0.5301373841399517,False,False,False
linear_obserr_scale02,x12,x18,1.0,-0.932548220767499,False,False,False
linear_obserr_scale02,x12,x19,0.999,0.16334237962865192,False,False,False
linear_obserr_scale02,x13,x14,1.0,0.645933828249892,False,False,False
linear_obserr_scale02,x13,x15,0.999,0.27891700671671493,False,False,False
linear_obserr_scale02,x13,x16,0.999,0.3563129719609596,False,False,False
linear_obserr_scale02,x13,x17,0.998,0.29601651009431995,False,False,False
linear_obserr_scale02,x13,x18,0.998,-0.08880382793828791,False,False,False
linear_obserr_scale02,x13,x19,0.998,0.06796159607660143,False,False,False
linear_obserr_scale02,x14,x15,0.999,-0.4470747040503971,False,False,False
linear_obserr_scale02,x14,x16,0.998,0.6296265349881145,False,False,False
linear_obserr_scale02,x14,x17,0.998,0.515451994516661,False,False,False
linear_obserr_scale02,x14,x18,0.998,-0.7645179551194281,False,False,False
linear_obserr_scale02,x14,x19,0.998,0.20137074148432882,False,False,False
linear_obserr_scale02,x15,x16,0.998,-0.6928802159940595,False,False,False
linear_obserr_scale02,x15,x17,0.999,0.13971707128517383,False,False,False
linear_obserr_scale02,x15,x18,0.998,0.585263726627526,False,False,False
linear_obserr_scale02,x15,x19,0.999,-0.6167027698536127,False,False,False
linear_obserr_scale02,x16,x17,0.999,-0.33394159927906947,False,False,False
linear_obserr_scale02,x16,x18,0.999,-0.24301719343107817,False,False,False
linear_obserr_scale02,x16,x19,0.999,0.8853022958466819,False,False,False
linear_obserr_scale02,x17,x18,0.998,-0.718395981110755,False,False,False
linear_obserr_scale02,x17,x19,1.0,-0.7261247960856607,False,False,False
linear_obserr_scale02,x18,x19,0.999,0.1430915899478349,False,False,False
linear_obserr_scale02_strerr_y1_y3,x0,x1,1.0,-0.9907476361901839,False,False,False
linear_obserr_scale02_strerr_y1_y3,x0,x2,1.0,-0.9919001882027259,False,False,False
linear_obserr_scale02_strerr_y1_y3,x0,x3,0.999,0.973835756344945,False,False,False
linear_obserr_scale02_strerr_y1_y3,x0,x4,0.999,0.9776774197103302,False,False,False
linear_obserr_scale02_strerr_y1_y3,x0,x5,1.0,0.9825537402203209,False,False,False
linear_obserr_scale02_strerr_y1_y3,x0,x6,1.0,-0.9738258003435492,False,False,False
linear_obserr_scale02_strerr_y1_y3,x0,x7,1.0,-0.969959094213862,False,False,False
linear_obserr_scale02_strerr_y1_y3,x0,x8,0.999,-0.7987739142929362,False,False,False
linear_obserr_scale02_strerr_y1_y3,x0,x9,1.0,-0.9770933214794153,False,False,False
linear_obserr_scale02_strerr_y1_y3,x0,x10,1.0,-0.9574911515885098,False,False,False
linear_obserr_scale02_strerr_y1_y3,x0,x11,1.0,0.9937850252646655,False,False,False
linear_obserr_scale02_strerr_y1_y3,x0,x12,0.999,0.954825885622691,False,False,False
linear_obserr_scale02_strerr_y1_y3,x0,x13,0.999,0.6890008541250968,False,False,False
linear_obserr_scale02_strerr_y1_y3,x0,x14,1.0,0.9761172589312617,False,False,False
linear_obserr_scale02_strerr_y1_y3,x0,x15,1.0,0.9402716388411756,False,False,False
linear_obserr_scale02_strerr_y1_y3,x0,x16,1.0,-0.9786980784097177,False,False,False
linear_obserr_scale02_strerr_y1_y3,x0,x17,1.0,0.987643713292872,False,False,False
linear_obserr_scale02_strerr_y1_y3,x0,x18,1.0,-0.951746233102966,False,False,False
linear_obserr_scale02_strerr_y1_y3,x0,x19,1.0,-0.9933684673314253,False,False,False
linear_obserr_scale02_strerr_y1_y3,x1,x2,0.999,0.9999615141705471,False,False,False
linear_obserr_scale02_strerr_y1_y3,x1,x3,0.999,-0.99566758162216,False,False,False
linear_obserr_scale02_strerr_y1_y3,x1,x4,1.0,-0.9971473150063459,False,False,False
linear_obserr_scale02_strerr_y1_y3,x1,x5,0.999,-0.9987033044364733,False,False,False
linear_obserr_scale02_strerr_y1_y3,x1,x6,0.999,0.9956635073903782,False,False,False
linear_obserr_scale02_strerr_y1_y3,x1,x7,0.999,0.9940003084156208,False,False,False
linear_obserr_scale02_strerr_y1_y3,x1,x8,1.0,0.8730350023445108,False,False,False
linear_obserr_scale02_strerr_y1_y3,x1,x9,0.999,0.9969350207118604,False,False,False
linear_obserr_scale02_strerr_y1_y3,x1,x10,0.999,0.9877813975909192,False,False,False
linear_obserr_scale02_strerr_y1_y3,x1,x11,0.999,-0.999697689037436,False,False,False
linear_obserr_scale02_strerr_y1_y3,x1,x12,0.999,-0.9863219624957867,False,False,False
linear_obserr_scale02_strerr_y1_y3,x1,x13,0.999,-0.7809883383208939,False,False,False
linear_obserr_scale02_strerr_y1_y3,x1,x14,0.999,-0.996569628850881,False,False,False
linear_obserr_scale02_strerr_y1_y3,x1,x15,1.0,-0.9777733978441491,False,False,False
linear_obserr_scale02_strerr_y1_y3,x1,x16,0.999,0.9975061757931335,False,False,False
linear_obserr_scale02_strerr_y1_y3,x1,x17,0.999,-0.9997747057759763,False,False,False
linear_obserr_scale02_strerr_y1_y3,x1,x18,0.999,0.9845900175879405,False,False,False
linear_obserr_scale02_strerr_y1_y3,x1,x19,0.999,0.9997814343590687,False,False,False
linear_obserr_scale02_strerr_y1_y3,x2,x3,1.0,-0.9948134872499825,False,False,False
linear_obserr_scale02_strerr_y1_y3,x2,x4,0.999,-0.9964467328238465,False,False,False
linear_obserr_scale02_strerr_y1_y3,x2,x5,1.0,-0.9982182317945703,False,False,False
linear_obserr_scale02_strerr_y1_y3,x2,x6,1.0,0.9948090305183187,False,False,False
linear_obserr_scale02_strerr_y1_y3,x2,x7,0.999,0.9930024577339085,False,False,False
linear_obserr_scale02_strerr_y1_y3,x2,x8,1.0,0.8687230539938152,False,False,False
linear_obserr_scale02_strerr_y1_y3,x2,x9,0.999,0.9962102849103804,False,False,False
linear_obserr_scale02_strerr_y1_y3,x2,x10,0.999,0.9863761055899852,False,False,False
linear_obserr_scale02_strerr_y1_y3,x2,x11,1.0,-0.999874924885533,False,False,False
linear_obserr_scale02_strerr_y1_y3,x2,x12,0.999,-0.9848379042890479,False,False,False
linear_obserr_scale02_strerr_y1_y3,x2,x13,0.999,-0.7754789772571822,False,False,False
linear_obserr_scale02_strerr_y1_y3,x2,x14,1.0,-0.9958052125023161,False,False,False
linear_obserr_scale02_strerr_y1_y3,x2,x15,1.0,-0.9758963256369034,False,False,False
linear_obserr_scale02_strerr_y1_y3,x2,x16,0.999,0.9968485755602334,False,False,False
linear_obserr_scale02_strerr_y1_y3,x2,x17,0.999,-0.999550008408474,False,False,False
linear_obserr_scale02_strerr_y1_y3,x2,x18,1.0,0.9830178692230973,False,False,False
linear_obserr_scale02_strerr_y1_y3,x2,x19,1.0,0.9999263755759089,False,False,False
linear_obserr_scale02_strerr_y1_y3,x3,x4,0.999,0.9998457063779842,False,False,False
linear_obserr_scale02_strerr_y1_y3,x3,x5,1.0,0.9991102228825463,False,False,False
linear_obserr_scale02_strerr_y1_y3,x3,x6,1.0,-0.9999999990405167,False,False,False
linear_obserr_scale02_strerr_y1_y3,x3,x7,0.999,-0.9998642442332559,False,False,False
linear_obserr_scale02_strerr_y1_y3,x3,x8,0.999,-0.9145971107937788,False,False,False
linear_obserr_scale02_strerr_y1_y3,x3,x9,0.999,-0.9998904127056607,False,False,False
linear_obserr_scale02_strerr_y1_y3,x3,x10,1.0,-0.9979931160836144,False,False,False
linear_obserr_scale02_strerr_y1_y3,x3,x11,1.0,0.9930803583088045,False,False,False
linear_obserr_scale02_strerr_y1_y3,x3,x12,1.0,0.9973754098116189,False,False,False
linear_obserr_scale02_strerr_y1_y3,x3,x13,0.999,0.835677662061787,False,False,False
linear_obserr_scale02_strerr_y1_y3,x3,x14,1.0,0.9999473107267296,False,False,False
linear_obserr_scale02_strerr_y1_y3,x3,x15,1.0,0.9930327619039518,False,False,False
linear_obserr_scale02_strerr_y1_y3,x3,x16,1.0,-0.9997473180335105,False,False,False
linear_obserr_scale02_strerr_y1_y3,x3,x17,0.999,0.9974169349230774,False,False,False
linear_obserr_scale02_strerr_y1_y3,x3,x18,1.0,-0.9965853062473763,False,False,False
linear_obserr_scale02_strerr_y1_y3,x3,x19,0.999,-0.9935059841750523,False,False,False
linear_obserr_scale02_strerr_y1_y3,x4,x5,0.999,0.9996969181393923,False,False,False
linear_obserr_scale02_strerr_y1_y3,x4,x6,0.999,-0.9998449359218403,False,False,False
linear_obserr_scale02_strerr_y1_y3,x4,x7,1.0,-0.9994205361667959,False,False,False
linear_obserr_scale02_strerr_y1_y3,x4,x8,1.0,-0.907352905996744,False,False,False
linear_obserr_scale02_strerr_y1_y3,x4,x9,1.0,-0.9999961851392419,False,False,False
linear_obserr_scale02_strerr_y1_y3,x4,x10,1.0,-0.9967268105590126,False,False,False
linear_obserr_scale02_strerr_y1_y3,x4,x11,1.0,0.9949900240979469,False,False,False
linear_obserr_scale02_strerr_y1_y3,x4,x12,1.0,0.9959496801153723,False,False,False
linear_obserr_scale02_strerr_y1_y3,x4,x13,1.0,0.8259011343815149,False,False,False
linear_obserr_scale02_strerr_y1_y3,x4,x14,0.999,0.9999733447006774,False,False,False
linear_obserr_scale02_strerr_y1_y3,x4,x15,1.0,0.9908095936544784,False,False,False
linear_obserr_scale02_strerr_y1_y3,x4,x16,1.0,-0.9999879268322428,False,False,False
linear_obserr_scale02_strerr_y1_y3,x4,x17,0.999,0.9985247926300744,False,False,False
linear_obserr_scale02_strerr_y1_y3,x4,x18,1.0,-0.9949811252762407,False,False,False
linear_obserr_scale02_strerr_y1_y3,x4,x19,1.0,-0.9953513468056516,False,False,False
linear_obserr_scale02_strerr_y1_y3,x5,x6,1.0,-0.9991083743850734,False,False,False
linear_obserr_scale02_strerr_y1_y3,x5,x7,0.999,-0.9982796621849972,False,False,False
linear_obserr_scale02_strerr_y1_y3,x5,x8,1.0,-0.8967290204923992,False,False,False
linear_obserr_scale02_strerr_y1_y3,x5,x9,1.0,-0.9996251033266876,False,False,False
linear_obserr_scale02_strerr_y1_y3,x5,x10,0.999,-0.9944344738413997,False,False,False
linear_obserr_scale02_strerr_y1_y3,x5,x11,1.0,0.9971496795826271,False,False,False
linear_obserr_scale02_strerr_y1_y3,x5,x12,1.0,0.9934343156866563,False,False,False
linear_obserr_scale02_strerr_y1_y3,x5,x13,1.0,0.8117705248616967,False,False,False
linear_obserr_scale02_strerr_y1_y3,x5,x14,1.0,0.9994905221407552,False,False,False
linear_obserr_scale02_strerr_y1_y3,x5,x15,0.999,0.9871792968802569,False,False,False
linear_obserr_scale02_strerr_y1_y3,x5,x16,1.0,-0.9998058210499571,False,False,False
linear_obserr_scale02_strerr_y1_y3,x5,x17,0.999,0.9995588868711365,False,False,False
linear_obserr_scale02_strerr_y1_y3,x5,x18,1.0,-0.9922161662632452,False,False,False
linear_obserr_scale02_strerr_y1_y3,x5,x19,0.999,-0.99742069444976,False,False,False
linear_obserr_scale02_strerr_y1_y3,x6,x7,0.999,0.9998649650690915,False,False,False
linear_obserr_scale02_strerr_y1_y3,x6,x8,0.999,0.9146148236278596,False,False,False
linear_obserr_scale02_strerr_y1_y3,x6,x9,0.999,0.9998897632346161,False,False,False
linear_obserr_scale02_strerr_y1_y3,x6,x10,0.999,0.9979958890382373,False,False,False
linear_obserr_scale02_strerr_y1_y3,x6,x11,0.999,-0.993075212907776,False,False,False
linear_obserr_scale02_strerr_y1_y3,x6,x12,1.0,-0.9973785805771886,False,False,False
linear_obserr_scale02_strerr_y1_y3,x6,x13,1.0,-0.8357017204555908,False,False,False
linear_obserr_scale02_strerr_y1_y3,x6,x14,1.0,-0.9999468600858332,False,False,False
linear_obserr_scale02_strerr_y1_y3,x6,x15,0.999,-0.9930379230002837,False,False,False
linear_obserr_scale02_strerr_y1_y3,x6,x16,1.0,0.9997463323621609,False,False,False
linear_obserr_scale02_strerr_y1_y3,x6,x17,0.999,-0.9974137874016512,False,False,False
linear_obserr_scale02_strerr_y1_y3,x6,x18,0.999,0.9965889223402608,False,False,False
linear_obserr_scale02_strerr_y1_y3,x6,x19,1.0,0.9935009989693253,False,False,False
linear_obserr_scale02_strerr_y1_y3,x7,x8,0.999,0.9211357122259519,False,False,False
linear_obserr_scale02_strerr_y1_y3,x7,x9,1.0,0.9995107432836495,False,False,False
linear_obserr_scale02_strerr_y1_y3,x7,x10,1.0,0.9989010007833574,False,False,False
linear_obserr_scale02_strerr_y1_y3,x7,x11,1.0,-0.9910105301611951,False,False,False
linear_obserr_scale02_strerr_y1_y3,x7,x12,0.999,-0.9984330091327472,False,False,False
linear_obserr_scale02_strerr_y1_y3,x7,x13,1.0,-0.8446137417380405,False,False,False
linear_obserr_scale02_strerr_y1_y3,x7,x14,1.0,-0.9996424207667035,False,False,False
linear_obserr_scale02_strerr_y1_y3,x7,x15,1.0,-0.9948395840932439,False,False,False
linear_obserr_scale02_strerr_y1_y3,x7,x16,1.0,0.999241210975581,False,False,False
linear_obserr_scale02_strerr_y1_y3,x7,x17,0.999,-0.9960979939135711,False,False,False
linear_obserr_scale02_strerr_y1_y3,x7,x18,0.999,0.9978105161454802,False,False,False
linear_obserr_scale02_strerr_y1_y3,x7,x19,1.0,0.9914963536101236,False,False,False
linear_obserr_scale02_strerr_y1_y3,x8,x9,1.0,0.9085105866339228,False,False,False
linear_obserr_scale02_strerr_y1_y3,x8,x10,0.999,0.9383671111577373,False,False,False
linear_obserr_scale02_strerr_y1_y3,x8,x11,0.999,-0.8607809393313425,False,False,False
linear_obserr_scale02_strerr_y1_y3,x8,x12,0.999,-0.9414742754794547,False,False,False
linear_obserr_scale02_strerr_y1_y3,x8,x13,1.0,-0.9863945355311193,False,False,False
linear_obserr_scale02_strerr_y1_y3,x8,x14,1.0,-0.9103979917861594,False,False,False
linear_obserr_scale02_strerr_y1_y3,x8,x15,1.0,-0.9558748534064085,False,False,False
linear_obserr_scale02_strerr_y1_y3,x8,x16,1.0,0.9052763061492705,False,False,False
linear_obserr_scale02_strerr_y1_y3,x8,x17,0.999,-0.8831892698630829,False,False,False
linear_obserr_scale02_strerr_y1_y3,x8,x18,0.999,0.9448623793841309,False,False,False
linear_obserr_scale02_strerr_y1_y3,x8,x19,1.0,0.8626489537226882,False,False,False
linear_obserr_scale02_strerr_y1_y3,x9,x10,0.999,0.9969463133789048,False,False,False
linear_obserr_scale02_strerr_y1_y3,x9,x11,0.999,-0.9947100802163265,False,False,False
linear_obserr_scale02_strerr_y1_y3,x9,x12,0.999,-0.9961942359789921,False,False,False
linear_obserr_scale02_strerr_y1_y3,x9,x13,0.999,-0.8274553491096598,False,False,False
linear_obserr_scale02_strerr_y1_y3,x9,x14,0.999,-0.9999896977085749,False,False,False
linear_obserr_scale02_strerr_y1_y3,x9,x15,0.999,-0.9911794390434243,False,False,False
linear_obserr_scale02_strerr_y1_y3,x9,x16,0.999,0.9999705389430182,False,False,False
linear_obserr_scale02_strerr_y1_y3,x9,x17,0.999,-0.9983710027454846,False,False,False
linear_obserr_scale02_strerr_y1_y3,x9,x18,0.999,0.9952537222197411,False,False,False
linear_obserr_scale02_strerr_y1_y3,x9,x19,0.999,0.9950815217752487,False,False,False
linear_obserr_scale02_strerr_y1_y3,x10,x11,1.0,-0.9836509684032583,False,False,False
linear_obserr_scale02_strerr_y1_y3,x10,x12,1.0,-0.9999585754546615,False,False,False
linear_obserr_scale02_strerr_y1_y3,x10,x13,0.999,-0.8687785564920754,False,False,False
linear_obserr_scale02_strerr_y1_y3,x10,x14,1.0,-0.9972905098843691,False,False,False
linear_obserr_scale02_strerr_y1_y3,x10,x15,0.999,-0.9985016958301707,False,False,False
linear_obserr_scale02_strerr_y1_y3,x10,x16,1.0,0.9963175220663987,False,False,False
linear_obserr_scale02_strerr_y1_y3,x10,x17,0.999,-0.9908668191367334,False,False,False
linear_obserr_scale02_strerr_y1_y3,x10,x18,1.0,0.9998137851326147,False,False,False
linear_obserr_scale02_strerr_y1_y3,x10,x19,1.0,0.9843073058948374,False,False,False
linear_obserr_scale02_strerr_y1_y3,x11,x12,0.999,0.9819710736632782,False,False,False
linear_obserr_scale02_strerr_y1_y3,x11,x13,0.999,0.7653964075894457,False,False,False
linear_obserr_scale02_strerr_y1_y3,x11,x14,0.999,0.9942335540967626,False,False,False
linear_obserr_scale02_strerr_y1_y3,x11,x15,0.999,0.9723227438591697,False,False,False
linear_obserr_scale02_strerr_y1_y3,x11,x16,0.999,-0.9954692726419291,False,False,False
linear_obserr_scale02_strerr_y1_y3,x11,x17,0.999,0.998950578078403,False,False,False
linear_obserr_scale02_strerr_y1_y3,x11,x18,1.0,-0.9799925915891994,False,False,False
linear_obserr_scale02_strerr_y1_y3,x11,x19,0.999,-0.999993222863128,False,False,False
linear_obserr_scale02_strerr_y1_y3,x12,x13,0.999,0.8732499117072189,False,False,False
linear_obserr_scale02_strerr_y1_y3,x12,x14,1.0,0.9965796155631325,False,False,False
linear_obserr_scale02_strerr_y1_y3,x12,x15,1.0,0.9989584047805887,False,False,False
linear_obserr_scale02_strerr_y1_y3,x12,x16,1.0,-0.9954958374863048,False,False,False
linear_obserr_scale02_strerr_y1_y3,x12,x17,1.0,0.9895984142200452,False,False,False
linear_obserr_scale02_strerr_y1_y3,x12,x18,0.999,-0.9999480155412794,False,False,False
linear_obserr_scale02_strerr_y1_y3,x12,x19,0.999,-0.9826603573965219,False,False,False
linear_obserr_scale02_strerr_y1_y3,x13,x14,1.0,0.8299957369519002,False,False,False
linear_obserr_scale02_strerr_y1_y3,x13,x15,1.0,0.8945746337615693,False,False,False
linear_obserr_scale02_strerr_y1_y3,x13,x16,1.0,-0.8231206455951988,False,False,False
linear_obserr_scale02_strerr_y1_y3,x13,x17,1.0,0.7940689119869042,False,False,False
linear_obserr_scale02_strerr_y1_y3,x13,x18,1.0,-0.8781729341222608,False,False,False
linear_obserr_scale02_strerr_y1_y3,x13,x19,0.999,-0.7677605519503209,False,False,False
linear_obserr_scale02_strerr_y1_y3,x14,x15,0.999,0.9917707947524212,False,False,False
linear_obserr_scale02_strerr_y1_y3,x14,x16,0.999,-0.9999253938576379,False,False,False
linear_obserr_scale02_strerr_y1_y3,x14,x17,0.999,0.9981017296010762,False,False,False
linear_obserr_scale02_strerr_y1_y3,x14,x18,0.999,-0.9956851983582286,False,False,False
linear_obserr_scale02_strerr_y1_y3,x14,x19,0.999,-0.9946216181918468,False,False,False
linear_obserr_scale02_strerr_y1_y3,x15,x16,0.999,-0.9901329607603785,False,False,False
linear_obserr_scale02_strerr_y1_y3,x15,x17,1.0,0.9820034222072187,False,False,False
linear_obserr_scale02_strerr_y1_y3,x15,x18,0.999,-0.9993717363627073,False,False,False
linear_obserr_scale02_strerr_y1_y3,x15,x19,1.0,-0.9731763314385149,False,False,False
linear_obserr_scale02_strerr_y1_y3,x16,x17,1.0,-0.9987795494282631,False,False,False
linear_obserr_scale02_strerr_y1_y3,x16,x18,0.999,0.9944774164728084,False,False,False
linear_obserr_scale02_strerr_y1_y3,x16,x19,1.0,0.9958125873298678,False,False,False
linear_obserr_scale02_strerr_y1_y3,x17,x18,1.0,-0.9880801444553081,False,False,False
linear_obserr_scale02_strerr_y1_y3,x17,x19,1.0,-0.9991124297619582,False,False,False
linear_obserr_scale02_strerr_y1_y3,x18,x19,1.0,0.9807187148336081,False,False,False
linear_obserr_scale02_strerr_y20_y25_y29,x0,x1,0.99,-0.6441009204667405,False,False,False
linear_obserr_scale02_strerr_y20_y25_y29,x0,x2,0.879,-0.4521795935596285,False,True,True
linear_obserr_scale02_strerr_y20_y25_y29,x0,x3,0.82,0.15498997347215326,False,True,True
linear_obserr_scale02_strerr_y20_y25_y29,x0,x4,0.997,-0.5193228802480414,False,False,False
linear_obserr_scale02_strerr_y20_y25_y29,x0,x5,0.998,0.6499809829700933,False,False,False
linear_obserr_scale02_strerr_y20_y25_y29,x0,x6,0.991,-0.5609140597817995,False,False,False
linear_obserr_scale02_strerr_y20_y25_y29,x0,x7,0.997,-0.760679961782332,False,False,False
linear_obserr_scale02_strerr_y20_y25_y29,x0,x8,0.996,0.4609008022938249,False,False,False
linear_obserr_scale02_strerr_y20_y25_y29,x0,x9,0.997,-0.8138397790943166,False,False,False
linear_obserr_scale02_strerr_y20_y25_y29,x0,x10,1.0,0.5277797409935474,False,False,False
linear_obserr_scale02_strerr_y20_y25_y29,x0,x11,1.0,0.7572429278989362,False,False,False
linear_obserr_scale02_strerr_y20_y25_y29,x0,x12,0.996,0.6792089312834693,False,False,False
linear_obserr_scale02_strerr_y20_y25_y29,x0,x13,0.998,-0.6220302021242495,False,False,False
linear_obserr_scale02_strerr_y20_y25_y29,x0,x14,0.999,0.8945786271955553,False,False,False
linear_obserr_scale02_strerr_y20_y25_y29,x0,x15,0.82,0.7778817853565797,False,True,True
linear_obserr_scale02_strerr_y20_y25_y29,x0,x16,0.99,-0.6797153022156996,False,False,False
linear_obserr_scale02_strerr_y20_y25_y29,x0,x17,0.821,0.19858848203635962,False,True,True
linear_obserr_scale02_strerr_y20_y25_y29,x0,x18,0.821,-0.30872903316585193,False,True,True
linear_obserr_scale02_strerr_y20_y25_y29,x0,x19,0.999,-0.8990715089319747,False,False,False
linear_obserr_scale02_strerr_y20_y25_y29,x1,x2,0.948,-0.3715296458729952,False,False,True
linear_obserr_scale02_strerr_y20_y25_y29,x1,x3,0.973,-0.2045266167200067,False,False,False
linear_obserr_scale02_strerr_y20_y25_y29,x1,x4,0.997,-0.19270708158331554,False,False,False
linear_obserr_scale02_strerr_y20_y25_y29,x1,x5,0.997,-0.09729122815320913,False,False,False
linear_obserr_scale02_strerr_y20_y25_y29,x1,x6,0.996,0.7179836059345139,False,False,False
linear_obserr_scale02_strerr_y20_y25_y29,x1,x7,1.0,0.6915360388853302,False,False,False
linear_obserr_scale02_strerr_y20_y25_y29,x1,x8,0.998,-0.48021179457690294,False,False,False
linear_obserr_scale02_strerr_y20_y25_y29,x1,x9,0.974,0.5171147937645428,False,False,False
linear_obserr_scale02_strerr_y20_y25_y29,x1,x10,1.0,-0.8606778646213845,False,False,False
linear_obserr_scale02_strerr_y20_y25_y29,x1,x11,1.0,-0.43839275951926104,False,False,False
linear_obserr_scale02_strerr_y20_y25_y29,x1,x12,0.998,-0.560509373900461,False,False,False
linear_obserr_scale02_strerr_y20_y25_y29,x1,x13,0.999,0.7912513433091948,False,False,False
linear_obserr_scale02_strerr_y20_y25_y29,x1,x14,0.99,-0.675237447516934,False,False,False
linear_obserr_scale02_strerr_y20_y25_y29,x1,x15,0.973,-0.2468406687563306,False,False,False
linear_obserr_scale02_strerr_y20_y25_y29,x1,x16,0.998,0.27876597160770755,False,False,False
linear_obserr_scale02_strerr_y20_y25_y29,x1,x17,0.975,-0.6111477032964086,False,False,False
linear_obserr_scale02_strerr_y20_y25_y29,x1,x18,0.973,-0.3849741109960106,False,False,False
linear_obserr_scale02_strerr_y20_y25_y29,x1,x19,0.999,0.8554055042325697,False,False,False
linear_obserr_scale02_strerr_y20_y25_y29,x2,x3,0.684,-0.12177168162248998,False,True,True
linear_obserr_scale02_strerr_y20_y25_y29,x2,x4,0.99,0.7689539351059422,False,False,False
linear_obserr_scale02_strerr_y20_y25_y29,x2,x5,0.684,-0.7114390051774451,False,True,True
linear_obserr_scale02_strerr_y20_y25_y29,x2,x6,0.991,-0.013895674586918889,False,False,False
linear_obserr_scale02_strerr_y20_y25_y29,x2,x7,0.821,0.2055060044195597,False,True,True
linear_obserr_scale02_strerr_y20_y25_y29,x2,x8,0.743,-0.027469337622600846,False,True,True
linear_obserr_scale02_strerr_y20_y25_y29,x2,x9,1.0,0.4907594398319497,False,False,False
linear_obserr_scale02_strerr_y20_y25_y29,x2,x10,0.973,0.4436926546174137,False,False,False
linear_obserr_scale02_strerr_y20_y25_y29,x2,x11,0.82,-0.4402748454346593,False,True,True
linear_obserr_scale02_strerr_y20_y25_y29,x2,x12,0.973,-0.2896301235635671,False,False,False
linear_obserr_scale02_strerr_y20_y25_y29,x2,x13,0.879,-0.19718537170628264,False,True,True
linear_obserr_scale02_strerr_y20_y25_y29,x2,x14,1.0,-0.36642427063464855,False,False,False
linear_obserr_scale02_strerr_y20_y25_y29,x2,x15,0.931,-0.6917013412757448,False,False,True
linear_obserr_scale02_strerr_y20_y25_y29,x2,x16,0.999,0.5153988438422243,False,False,False
linear_obserr_scale02_strerr_y20_y25_y29,x2,x17,0.879,0.4146548934303591,False,True,True
linear_obserr_scale02_strerr_y20_y25_y29,x2,x18,0.996,0.8773139592860284,False,False,False
linear_obserr_scale02_strerr_y20_y25_y29,x2,x19,0.684,0.10159010060222558,False,True,True
linear_obserr_scale02_strerr_y20_y25_y29,x3,x4,0.999,0.09981157824639038,False,False,False
linear_obserr_scale02_strerr_y20_y25_y29,x3,x5,0.684,0.23784556729257433,False,True,True
linear_obserr_scale02_strerr_y20_y25_y29,x3,x6,0.998,-0.6266975463884706,False,False,False
linear_obserr_scale02_strerr_y20_y25_y29,x3,x7,0.924,-0.5290438394454466,False,False,True
linear_obserr_scale02_strerr_y20_y25_y29,x3,x8,0.736,-0.12643988598802547,False,True,True
linear_obserr_scale02_strerr_y20_y25_y29,x3,x9,0.975,-0.5803065500404323,False,False,False
linear_obserr_scale02_strerr_y20_y25_y29,x3,x10,0.921,-0.314295982659686,False,False,True
linear_obserr_scale02_strerr_y20_y25_y29,x3,x11,0.82,0.3265380716582597,False,True,True
linear_obserr_scale02_strerr_y20_y25_y29,x3,x12,0.998,0.6520651170202978,False,False,False
linear_obserr_scale02_strerr_y20_y25_y29,x3,x13,0.878,0.22207205636516839,False,True,True
linear_obserr_scale02_strerr_y20_y25_y29,x3,x14,0.976,0.5319981928962868,False,False,False
linear_obserr_scale02_strerr_y20_y25_y29,x3,x15,0.864,0.45595859552854867,False,True,True
linear_obserr_scale02_strerr_y20_y25_y29,x3,x16,0.973,-0.3451562204360061,False,False,False
linear_obserr_scale02_strerr_y20_y25_y29,x3,x17,0.864,0.49397561787814676,False,True,True
linear_obserr_scale02_strerr_y20_y25_y29,x3,x18,0.82,-0.2765099549917388,False,True,True
linear_obserr_scale02_strerr_y20_y25_y29,x3,x19,0.684,-0.2863169898322947,False,True,True
linear_obserr_scale02_strerr_y20_y25_y29,x4,x5,0.993,-0.5412641926848138,False,False,False
linear_obserr_scale02_strerr_y20_y25_y29,x4,x6,0.976,-0.28368768577835357,False,False,False
linear_obserr_scale02_strerr_y20_y25_y29,x4,x7,0.999,0.08402887155439989,False,False,False
linear_obserr_scale02_strerr_y20_y25_y29,x4,x8,0.996,0.15560860827139483,False,False,False
linear_obserr_scale02_strerr_y20_y25_y29,x4,x9,0.999,0.287598670502673,False,False,False
linear_obserr_scale02_strerr_y20_y25_y29,x4,x10,0.999,0.14104380376269926,False,False,False
linear_obserr_scale02_strerr_y20_y25_y29,x4,x11,0.999,-0.3959484953915738,False,False,False
linear_obserr_scale02_strerr_y20_y25_y29,x4,x12,0.996,-0.1121553352987232,False,False,False
linear_obserr_scale02_strerr_y20_y25_y29,x4,x13,0.999,-0.18206950020452345,False,False,False
linear_obserr_scale02_strerr_y20_y25_y29,x4,x14,0.993,-0.3163792618499439,False,False,False
linear_obserr_scale02_strerr_y20_y25_y29,x4,x15,0.998,-0.7051675864355079,False,False,False
linear_obserr_scale02_strerr_y20_y25_y29,x4,x16,0.998,0.5742754750941222,False,False,False
linear_obserr_scale02_strerr_y20_y25_y29,x4,x17,0.999,0.31214856414262665,False,False,False
linear_obserr_scale02_strerr_y20_y25_y29,x4,x18,0.999,0.6539530531920136,False,False,False
linear_obserr_scale02_strerr_y20_y25_y29,x4,x19,0.999,0.28249537206532965,False,False,False
linear_obserr_scale02_strerr_y20_y25_y29,x5,x6,0.991,-0.24316803008855414,False,False,False
linear_obserr_scale02_strerr_y20_y25_y29,x5,x7,0.82,-0.7079080804454831,False,True,True
linear_obserr_scale02_strerr_y20_y25_y29,x5,x8,0.973,0.5277128088495786,False,False,False
linear_obserr_scale02_strerr_y20_y25_y29,x5,x9,0.996,-0.6331289321350023,False,False,False
linear_obserr_scale02_strerr_y20_y25_y29,x5,x10,0.88,-0.011436373473501502,False,True,True
linear_obserr_scale02_strerr_y20_y25_y29,x5,x11,0.821,0.22974785372114565,False,True,True
linear_obserr_scale02_strerr_y20_y25_y29,x5,x12,0.99,0.6911520563798396,False,False,False
linear_obserr_scale02_strerr_y20_y25_y29,x5,x13,0.821,-0.23944865237775384,False,True,True
linear_obserr_scale02_strerr_y20_y25_y29,x5,x14,1.0,0.6186086017802026,False,False,False
linear_obserr_scale02_strerr_y20_y25_y29,x5,x15,0.996,0.7221217747544699,False,False,False
linear_obserr_scale02_strerr_y20_y25_y29,x5,x16,0.996,-0.20558739254537783,False,False,False
linear_obserr_scale02_strerr_y20_y25_y29,x5,x17,0.996,0.2517046923516144,False,False,False
linear_obserr_scale02_strerr_y20_y25_y29,x5,x18,0.998,-0.39159642235255504,False,False,False
linear_obserr_scale02_strerr_y20_y25_y29,x5,x19,0.684,-0.4726672549171096,False,True,True
linear_obserr_scale02_strerr_y20_y25_y29,x6,x7,1.0,0.7614793886287212,False,False,False
linear_obserr_scale02_strerr_y20_y25_y29,x6,x8,0.973,-0.4351365997457077,False,False,False
linear_obserr_scale02_strerr_y20_y25_y29,x6,x9,1.0,0.8012335020521894,False,False,False
linear_obserr_scale02_strerr_y20_y25_y29,x6,x10,0.999,-0.3441767675471359,False,False,False
linear_obserr_scale02_strerr_y20_y25_y29,x6,x11,1.0,-0.6212097998018087,False,False,False
linear_obserr_scale02_strerr_y20_y25_y29,x6,x12,0.998,-0.7622791781540988,False,False,False
linear_obserr_scale02_strerr_y20_y25_y29,x6,x13,0.999,0.5303040037938959,False,False,False
linear_obserr_scale02_strerr_y20_y25_y29,x6,x14,0.998,-0.7776240555869082,False,False,False
linear_obserr_scale02_strerr_y20_y25_y29,x6,x15,0.998,-0.3917240945426298,False,False,False
linear_obserr_scale02_strerr_y20_y25_y29,x6,x16,0.992,0.431897836549982,False,False,False
linear_obserr_scale02_strerr_y20_y25_y29,x6,x17,0.974,-0.42079581405608535,False,False,False
linear_obserr_scale02_strerr_y20_y25_y29,x6,x18,0.999,0.08501345403138365,False,False,False
linear_obserr_scale02_strerr_y20_y25_y29,x6,x19,0.998,0.6664451798825066,False,False,False
linear_obserr_scale02_strerr_y20_y25_y29,x7,x8,0.996,-0.5898297046765195,False,False,False
linear_obserr_scale02_strerr_y20_y25_y29,x7,x9,0.998,0.8457874264440705,False,False,False
linear_obserr_scale02_strerr_y20_y25_y29,x7,x10,0.974,-0.40253603483046785,False,False,False
linear_obserr_scale02_strerr_y20_y25_y29,x7,x11,0.997,-0.4139180092264565,False,False,False
linear_obserr_scale02_strerr_y20_y25_y29,x7,x12,0.998,-0.9543196803968691,False,False,False
linear_obserr_scale02_strerr_y20_y25_y29,x7,x13,0.82,0.5539341807630834,False,True,True
linear_obserr_scale02_strerr_y20_y25_y29,x7,x14,1.0,-0.8595542940414374,False,False,False
linear_obserr_scale02_strerr_y20_y25_y29,x7,x15,0.998,-0.6316549755763022,False,False,False
linear_obserr_scale02_strerr_y20_y25_y29,x7,x16,0.999,0.28602600602751593,False,False,False
linear_obserr_scale02_strerr_y20_y25_y29,x7,x17,0.999,-0.670340950006489,False,False,False
linear_obserr_scale02_strerr_y20_y25_y29,x7,x18,0.999,0.026685345369465794,False,False,False
linear_obserr_scale02_strerr_y20_y25_y29,x7,x19,0.979,0.7968726752659713,False,False,False
linear_obserr_scale02_strerr_y20_y25_y29,x8,x9,0.998,-0.3248463943265289,False,False,False
linear_obserr_scale02_strerr_y20_y25_y29,x8,x10,0.999,0.5411959759411203,False,False,False
linear_obserr_scale02_strerr_y20_y25_y29,x8,x11,0.973,0.03809732169892719,False,False,False
linear_obserr_scale02_strerr_y20_y25_y29,x8,x12,0.99,0.4380356252331925,False,False,False
linear_obserr_scale02_strerr_y20_y25_y29,x8,x13,0.999,-0.8030356206915044,False,False,False
linear_obserr_scale02_strerr_y20_y25_y29,x8,x14,0.996,0.4483176849120434,False,False,False
linear_obserr_scale02_strerr_y20_y25_y29,x8,x15,0.99,0.05204325421913203,False,False,False
linear_obserr_scale02_strerr_y20_y25_y29,x8,x16,0.996,0.19332991886755438,False,False,False
linear_obserr_scale02_strerr_y20_y25_y29,x8,x17,0.99,0.2931317927274652,False,False,False
linear_obserr_scale02_strerr_y20_y25_y29,x8,x18,0.99,0.21600437875352602,False,False,False
linear_obserr_scale02_strerr_y20_y25_y29,x8,x19,0.879,-0.4559960717230102,False,True,True
linear_obserr_scale02_strerr_y20_y25_y29,x9,x10,1.0,-0.1674511404596017,False,False,False
linear_obserr_scale02_strerr_y20_y25_y29,x9,x11,0.999,-0.7464018071694826,False,False,False
linear_obserr_scale02_strerr_y20_y25_y29,x9,x12,0.999,-0.8945779106839681,False,False,False
linear_obserr_scale02_strerr_y20_y25_y29,x9,x13,0.996,0.34331113646638783,False,False,False
linear_obserr_scale02_strerr_y20_y25_y29,x9,x14,0.992,-0.8895786907927781,False,False,False
linear_obserr_scale02_strerr_y20_y25_y29,x9,x15,0.992,-0.8204282411810611,False,False,False
linear_obserr_scale02_strerr_y20_y25_y29,x9,x16,0.999,0.6693834015409802,False,False,False
linear_obserr_scale02_strerr_y20_y25_y29,x9,x17,0.977,-0.26677114725575807,False,False,False
linear_obserr_scale02_strerr_y20_y25_y29,x9,x18,0.975,0.4711675065332044,False,False,False
linear_obserr_scale02_strerr_y20_y25_y29,x9,x19,0.998,0.7476392960547417,False,False,False
linear_obserr_scale02_strerr_y20_y25_y29,x10,x11,0.999,0.2076075621400821,False,False,False
linear_obserr_scale02_strerr_y20_y25_y29,x10,x12,0.999,0.19874436015046199,False,False,False
linear_obserr_scale02_strerr_y20_y25_y29,x10,x13,0.873,-0.882220394504829,False,True,True
linear_obserr_scale02_strerr_y20_y25_y29,x10,x14,0.999,0.36993718395843345,False,False,False
linear_obserr_scale02_strerr_y20_y25_y29,x10,x15,0.998,-0.011886234435004386,False,False,False
linear_obserr_scale02_strerr_y20_y25_y29,x10,x16,1.0,-0.0472167530802807,False,False,False
linear_obserr_scale02_strerr_y20_y25_y29,x10,x17,1.0,0.3880156413750956,False,False,False
linear_obserr_scale02_strerr_y20_y25_y29,x10,x18,0.998,0.5609528554948163,False,False,False
linear_obserr_scale02_strerr_y20_y25_y29,x10,x19,0.973,-0.6757146487241693,False,False,False
linear_obserr_scale02_strerr_y20_y25_y29,x11,x12,0.998,0.44140495937531987,False,False,False
linear_obserr_scale02_strerr_y20_y25_y29,x11,x13,0.997,-0.307896678588658,False,False,False
linear_obserr_scale02_strerr_y20_y25_y29,x11,x14,0.999,0.7707226981733528,False,False,False
linear_obserr_scale02_strerr_y20_y25_y29,x11,x15,0.998,0.677624550307482,False,False,False
linear_obserr_scale02_strerr_y20_y25_y29,x11,x16,0.999,-0.9459735660649111,False,False,False
linear_obserr_scale02_strerr_y20_y25_y29,x11,x17,0.999,-0.1667724349778716,False,False,False
linear_obserr_scale02_strerr_y20_y25_y29,x11,x18,0.997,-0.5939121318543302,False,False,False
linear_obserr_scale02_strerr_y20_y25_y29,x11,x19,0.979,-0.6561054664854334,False,False,False
linear_obserr_scale02_strerr_y20_y25_y29,x12,x13,0.996,-0.35162915622126767,False,False,False
linear_obserr_scale02_strerr_y20_y25_y29,x12,x14,0.999,0.8230474408965511,False,False,False
linear_obserr_scale02_strerr_y20_y25_y29,x12,x15,0.996,0.7119053897337603,False,False,False
linear_obserr_scale02_strerr_y20_y25_y29,x12,x16,0.998,-0.3401994043910065,False,False,False
linear_obserr_scale02_strerr_y20_y25_y29,x12,x17,0.979,0.6000420172200454,False,False,False
linear_obserr_scale02_strerr_y20_y25_y29,x12,x18,0.973,-0.18778822485630137,False,False,False
linear_obserr_scale02_strerr_y20_y25_y29,x12,x19,0.998,-0.7117979159395312,False,False,False
linear_obserr_scale02_strerr_y20_y25_y29,x13,x14,0.996,-0.5190309039714605,False,False,False
linear_obserr_scale02_strerr_y20_y25_y29,x13,x15,0.998,-0.060893032072125736,False,False,False
linear_obserr_scale02_strerr_y20_y25_y29,x13,x16,0.99,0.05808109694051271,False,False,False
linear_obserr_scale02_strerr_y20_y25_y29,x13,x17,0.999,-0.31684195946153676,False,False,False
linear_obserr_scale02_strerr_y20_y25_y29,x13,x18,0.999,-0.3751306430404403,False,False,False
linear_obserr_scale02_strerr_y20_y25_y29,x13,x19,0.979,0.6656294863173792,False,False,False
linear_obserr_scale02_strerr_y20_y25_y29,x14,x15,0.998,0.7676038155391673,False,False,False
linear_obserr_scale02_strerr_y20_y25_y29,x14,x16,0.997,-0.6757776381437196,False,False,False
linear_obserr_scale02_strerr_y20_y25_y29,x14,x17,0.993,0.3773065993029601,False,False,False
linear_obserr_scale02_strerr_y20_y25_y29,x14,x18,0.976,-0.32945685531513413,False,False,False
linear_obserr_scale02_strerr_y20_y25_y29,x14,x19,0.999,-0.8903931930573077,False,False,False
linear_obserr_scale02_strerr_y20_y25_y29,x15,x16,0.99,-0.7361370294856547,False,False,False
linear_obserr_scale02_strerr_y20_y25_y29,x15,x17,0.82,0.14713040859663654,False,True,True
linear_obserr_scale02_strerr_y20_y25_y29,x15,x18,0.822,-0.6293239405156285,False,True,True
linear_obserr_scale02_strerr_y20_y25_y29,x15,x19,0.998,-0.6798418136385742,False,False,False
linear_obserr_scale02_strerr_y20_y25_y29,x16,x17,0.998,0.2317991832346889,False,False,False
linear_obserr_scale02_strerr_y20_y25_y29,x16,x18,0.998,0.6935756046670088,False,False,False
linear_obserr_scale02_strerr_y20_y25_y29,x16,x19,0.999,0.5734129183788743,False,False,False
linear_obserr_scale02_strerr_y20_y25_y29,x17,x18,0.82,0.5660060983474137,False,True,True
linear_obserr_scale02_strerr_y20_y25_y29,x17,x19,1.0,-0.47524402923371256,False,False,False
linear_obserr_scale02_strerr_y20_y25_y29,x18,x19,0.998,0.03946173913364545,False,False,False
