dataset,param,x_true,mean,median,std,bias,abs_err_mean,abs_err_median,z_score,percentile_rank,in_minmax,in_ci50,in_ci90,in_ci95,contraction,entropy,entropy_reduction,crps
linear_obserr_scale00,x0,0.3434651826690493,0.38294699136000004,0.382446975,0.05580626209664343,0.03948180869095075,0.03948180869095075,0.038981792330950726,0.707479899344942,0.224,True,False,True,True,0.09665928133189167,-1.4658395962213375,2.158986776781283,0.023613037873864783
linear_obserr_scale00,x1,-0.8873952057318184,-0.92632349729,-0.93262708,0.046710502657683076,-0.03892829155818156,0.03892829155818156,0.04523187426818165,-0.8333948329236942,0.795,True,False,True,True,0.08090496385018815,-1.7383435742915792,2.4314907548515245,0.026290505183557154
linear_obserr_scale00,x2,0.6722253667051747,0.6998402739299999,0.700860265,0.07096747882305945,0.02761490722482518,0.02761490722482518,0.02863489829482524,0.38912058992086207,0.341,True,True,True,True,0.1229192790066073,-1.2238121491706684,1.9169593297306138,0.021025592831184443
linear_obserr_scale00,x3,0.6246701210510801,0.7016294737799998,0.69646125,0.08260762933250526,0.07695935272891974,0.07695935272891974,0.07179112894891992,0.931625242738167,0.176,True,False,True,True,0.1430806110967162,-1.0779869638187543,1.7711341443786996,0.043889702441540106
linear_obserr_scale00,x4,0.2307617742287875,0.3461238888079,0.33026790500000003,0.16579244425102588,0.11536211457911252,0.11536211457911252,0.09950613077121254,0.6958225092842173,0.255,True,True,True,True,0.2871609369538074,-0.39658107796160513,1.0897282585215504,0.06234689491947101
linear_obserr_scale00,x5,-0.7815631213808194,-0.7937142747299999,-0.8301566300000001,0.1522391009331606,-0.012151153349180488,0.012151153349180488,0.04859350861918066,-0.0798162448063547,0.607,True,True,True,True,0.2636858577148406,-0.6385514087673223,1.3316985893272677,0.04068388703147466
linear_obserr_scale00,x6,0.5585820379927333,0.5391129626757,0.5583987,0.2513668463322879,-0.019469075317033346,0.019469075317033346,0.0001833379927332901,-0.07745283676470487,0.501,True,True,True,True,0.4353801491858811,-0.006947451001824415,0.7000946315617697,0.06258861485589279
linear_obserr_scale00,x7,-0.0330104929686054,-0.1716815441187,-0.165533895,0.28791300825251953,-0.13867105115009462,0.13867105115009462,0.1325234020313946,-0.48164218765853944,0.687,True,True,True,True,0.4986799584533612,0.1779573191944882,0.5151898613654571,0.09031813771791594
linear_obserr_scale00,x8,-0.7104844731259374,-0.6177954920994,-0.6672641500000001,0.267508175079618,0.09268898102653744,0.09268898102653744,0.04322032312593738,0.3464902745456305,0.441,True,True,True,True,0.4633377506779289,-0.036770364679293,0.7299175452392382,0.06728444638233358
linear_obserr_scale00,x9,-0.4008163370917434,-0.19821915366599,-0.19588165,0.3955254440168798,0.20259718342575342,0.20259718342575342,0.20493468709174342,0.5122228834843485,0.326,True,True,True,True,0.6850701647234753,0.4608532671495675,0.2322939134103778,0.13545711891814527
linear_obserr_scale00,x10,-0.5695267635829435,-0.642255926828,-0.6498066,0.1923333770561141,-0.07272916324505652,0.07272916324505652,0.0802798364170565,-0.3781411440814948,0.653,True,True,True,True,0.3331311810524918,-0.2700727654696376,0.9632199460295829,0.060467305031679255
linear_obserr_scale00,x11,-0.7856226639991968,-0.752283933855,-0.797093365,0.18814606214364132,0.03333873014419675,0.03333873014419675,0.011470701000803274,0.17719600274569702,0.527,True,True,True,True,0.3258785388767981,-0.43690672785251955,1.1300539084124648,0.04403032398184642
linear_obserr_scale00,x12,0.4280740958156188,0.5996921392509,0.62886307,0.2415258295165714,0.17161804343528125,0.17161804343528125,0.20078897418438119,0.7105577228687515,0.231,True,False,True,True,0.4183350080629204,-0.07340118626202871,0.766548366821974,0.1145142494383414
linear_obserr_scale00,x13,0.7917583663486147,0.6512146944599999,0.66377714,0.18598768684878023,-0.14054367188861483,0.14054367188861483,0.12798122634861475,-0.7556611637569628,0.743,True,True,True,True,0.3221401232042972,-0.3013952512400812,0.9945424318000264,0.07819190163480279
linear_obserr_scale00,x14,-0.8357458072372479,-0.8562132001299999,-0.8868205499999999,0.1166685884959788,-0.020467392892752012,0.020467392892752012,0.051074742762752035,-0.17543190636490352,0.663,True,True,True,True,0.20207592292238108,-0.9604507195158719,1.6535979000758172,0.03471390735768715
linear_obserr_scale00,x15,-0.1029945326174019,0.37763763775410003,0.412015675,0.3746337168710487,0.4806321703715019,0.4806321703715019,0.5150102076174019,1.2829389046606785,0.114,True,False,True,True,0.6488846318490299,0.36406103474583573,0.32908614581410955,0.31430968557735367
linear_obserr_scale00,x16,-0.8446678345284815,-0.748572402897,-0.80014552,0.2008895854002689,0.09609543163148149,0.09609543163148149,0.04452231452848143,0.4783494945246318,0.406,True,True,True,True,0.34795096862471264,-0.4000088467817246,1.0931560273416698,0.05001227912203954
linear_obserr_scale00,x17,-0.4632693350134884,-0.5297130856927,-0.53682305,0.2315824554743877,-0.06644375067921166,0.06644375067921166,0.07355371498651159,-0.2869118497906251,0.628,True,True,True,True,0.4011125790231967,-0.06739593702493518,0.7605431175848805,0.06385109387007007
linear_obserr_scale00,x18,-0.0690482379754422,-0.18628102652944,-0.19410119,0.31318567323289426,-0.11723278855399781,0.11723278855399781,0.1250529520245578,-0.37432359962015244,0.668,True,True,True,True,0.5424534982420369,0.2561562955307345,0.4369908850292108,0.09474235700964576
linear_obserr_scale00,x19,-0.3981689578166398,-0.02916424563086,-0.047842392,0.39612217725435084,0.3690047121857798,0.3690047121857798,0.3503265658166398,0.931542673887812,0.178,True,False,True,True,0.6861037370093402,0.47781345666672054,0.21533372389322475,0.21155865929605094
linear_obserr_scale00_strerr_y1_y3,x0,-0.2783275291019509,-0.2570692512089,-0.257848205,0.09391107149237443,0.021258277893050903,0.021258277893050903,0.020479324101950913,0.22636604561345117,0.4,True,True,True,True,0.16265874721802567,-0.9515256176558397,1.644672798215785,0.02158106430010886
linear_obserr_scale00_strerr_y1_y3,x1,-0.920582565749522,-0.95362258144,-0.962518005,0.036563505427038616,-0.033040015690477986,0.033040015690477986,0.041935439250477935,-0.9036336999035377,0.851,True,False,True,True,0.06332984910245125,-2.1301437101164997,2.823290890676445,0.025103386759055588
linear_obserr_scale00_strerr_y1_y3,x2,-0.9226732314949416,-0.9227770373399999,-0.9311026,0.05043039794400093,-0.00010380584505831347,0.00010380584505831347,0.008429368505058377,-0.0020583982932988526,0.581,True,True,True,True,0.08734801148492664,-1.7106852526179663,2.4038324331779117,0.011600303503579445
linear_obserr_scale00_strerr_y1_y3,x3,0.6386038283583111,0.66059110531,0.66178995,0.10203066676490057,0.021987276951688894,0.021987276951688894,0.023186121641688873,0.21549674866236107,0.411,True,True,True,True,0.176722298766937,-0.8612528481965926,1.5544000287565378,0.025672005647790597
linear_obserr_scale00_strerr_y1_y3,x4,-0.0685106096025203,-0.04684798836702,-0.0486672915,0.08042399014053694,0.0216626212355003,0.0216626212355003,0.019843318102520296,0.2693552159952017,0.376,True,True,True,True,0.13929843707082842,-1.0998982069592258,1.7930453875191712,0.02011582919539112
linear_obserr_scale00_strerr_y1_y3,x5,-0.4978498956422232,-0.18440181283229998,-0.20150678,0.39606109564221076,0.3134480828099232,0.3134480828099232,0.2963431156422232,0.791413461859133,0.235,True,False,True,True,0.6859979405537054,0.4681170736823153,0.22503010687762998,0.18328679620903623
linear_obserr_scale00_strerr_y1_y3,x6,0.1863262952965136,-0.03675823363677,-0.0399844885,0.2557103897142931,-0.2230845289332836,0.2230845289332836,0.2263107837965136,-0.8724108910183016,0.818,True,False,True,True,0.44290338700839366,0.06109499162919654,0.6320521889307488,0.1323536992215206
linear_obserr_scale00_strerr_y1_y3,x7,-0.4232103731268686,-0.43897193116987,-0.45557435,0.2891479512415414,-0.01576155804300139,0.01576155804300139,0.03236397687313142,-0.05451035698272986,0.539,True,True,True,True,0.5008189424547981,0.1447418524240038,0.5484053281359415,0.06853072414776526
linear_obserr_scale00_strerr_y1_y3,x8,-0.1517085214495113,0.24393163856682,0.236080175,0.2661059579001515,0.3956401600163313,0.3956401600163313,0.3877886964495113,1.4867767829714797,0.059,True,False,True,True,0.46090903927984705,0.09088108291014935,0.602266097649796,0.26110765823582793
linear_obserr_scale00_strerr_y1_y3,x9,-0.7483266868940266,-0.6806169246739999,-0.71161869,0.20654982356899468,0.06770976222002667,0.06770976222002667,0.036707996894026595,0.3278132174119689,0.433,True,True,True,True,0.3577547887158863,-0.2569188396857372,0.9500660202456825,0.051841840520893565
linear_obserr_scale00_strerr_y1_y3,x10,-0.7997336015323435,-0.760096103734,-0.7915802999999999,0.18251649515976684,0.03963749779834347,0.03963749779834347,0.008153301532343615,0.21717213977644356,0.481,True,True,True,True,0.31612784283611517,-0.46787902505769796,1.1610262056176432,0.04330208895154704
linear_obserr_scale00_strerr_y1_y3,x11,0.5858680255671223,0.3038088698835,0.30716886,0.2369660098789062,-0.2820591556836223,0.2820591556836223,0.27869916556712226,-1.1902937295849285,0.886,True,False,True,True,0.410437168777134,-0.01937431521897703,0.7125214957789223,0.1761838282609845
linear_obserr_scale00_strerr_y1_y3,x12,0.7721495259453386,0.807197567334,0.852857735,0.16675180974190004,0.035048041388661466,0.035048041388661466,0.08070820905466136,0.21018087565531757,0.326,True,True,True,True,0.2888226067270297,-0.6439084319414019,1.3370556125013473,0.050862355060820166
linear_obserr_scale00_strerr_y1_y3,x13,-0.746482021754844,-0.33945031396419995,-0.372824905,0.3263141115660114,0.40703170779064407,0.40703170779064407,0.37365711675484403,1.2473616474545384,0.108,True,False,True,True,0.5651926204590307,0.26936413207783366,0.4237830484821116,0.24527450053235172
linear_obserr_scale00_strerr_y1_y3,x14,-0.2163472437658105,0.18681956243529402,0.16963995999999998,0.3112339438538186,0.4031668062011045,0.4031668062011045,0.38598720376581047,1.2953818635876853,0.087,True,False,True,True,0.539073003794853,0.24536942664086767,0.4477777539190776,0.2518316703050829
linear_obserr_scale00_strerr_y1_y3,x15,0.9430962720907232,0.72543207536553,0.7905854,0.24394592525466782,-0.21766419672519322,0.21766419672519322,0.15251087209072323,-0.8922641216407377,0.859,True,False,True,True,0.4225267368404843,-0.2933885639771961,0.9865357445371414,0.09981289260754184
linear_obserr_scale00_strerr_y1_y3,x16,-0.9020514328559142,-0.769825601483,-0.81166195,0.17546761848429468,0.1322258313729141,0.1322258313729141,0.0903894828559142,0.7535625804640931,0.267,True,True,True,True,0.3039188302979102,-0.5039233312252495,1.1970705117851947,0.061411492699933
linear_obserr_scale00_strerr_y1_y3,x17,0.1702298533623341,0.18635294684158005,0.18590588,0.29498607932093873,0.016123093479245953,0.016123093479245953,0.015676026637665902,0.054657133368332146,0.482,True,True,True,True,0.5109308769094087,0.19864989527165464,0.4944972852882906,0.06664551012531311
linear_obserr_scale00_strerr_y1_y3,x18,-0.9795810111083574,-0.8013652141600001,-0.845382725,0.16916135560292087,0.17821579694835732,0.17821579694835732,0.13419828610835738,1.053525471660858,0.059,True,False,True,True,0.2929960625814851,-0.63305733527548,1.3262045158354252,0.09108864012735121
linear_obserr_scale00_strerr_y1_y3,x19,0.4454899868370463,0.4958914593676,0.5009486350000001,0.2573409955534241,0.05040147253055366,0.05040147253055366,0.05545864816295376,0.1958548128803298,0.405,True,True,True,True,0.445727679168887,0.030725914881808578,0.6624212656781368,0.06775411874189538
linear_obserr_scale00_strerr_y20_y25_y29,x0,-0.2783275291019509,-0.32187400291359997,-0.31811194,0.13051860286902914,-0.043546473811649056,0.043546473811649056,0.03978441089804907,-0.333641893603063,0.628,True,True,True,True,0.22606485150206349,-0.6119464022013364,1.3050935827612817,0.03435438165639497
linear_obserr_scale00_strerr_y20_y25_y29,x1,-0.920582565749522,-0.94966364243,-0.95986395,0.038177644642368565,-0.02908107668047799,0.02908107668047799,0.039281384250478,-0.7617305088592229,0.816,True,False,True,True,0.06612562023389208,-2.0625350619947995,2.755682242554745,0.022087449518852106
linear_obserr_scale00_strerr_y20_y25_y29,x2,-0.9226732314949416,-0.9392960666,-0.949576,0.04213469291788003,-0.016622835105058353,0.016622835105058353,0.02690276850505835,-0.3945165836963863,0.724,True,True,True,True,0.07297942889508074,-1.929488558908989,2.6226357394689344,0.015656927669446166
linear_obserr_scale00_strerr_y20_y25_y29,x3,0.6386038283583111,0.68138052666,0.68410161,0.12534290721849534,0.042776698301688953,0.042776698301688953,0.04549778164168894,0.3412773746114045,0.366,True,True,True,True,0.21710028367082568,-0.6569958964411107,1.3501430770010558,0.035895368926692636
linear_obserr_scale00_strerr_y20_y25_y29,x4,-0.0685106096025203,-0.11080110475112,-0.1133292925,0.07987749016130781,-0.0422904951485997,0.0422904951485997,0.0448186828974797,-0.5294419624752428,0.701,True,True,True,True,0.13835187134046822,-1.1079727471303895,1.8011199276903347,0.02736471676753828
linear_obserr_scale00_strerr_y20_y25_y29,x5,-0.4978498956422232,-0.7244129421559999,-0.792479175,0.23624248909320084,-0.22656304651377673,0.22656304651377673,0.2946292793577768,-0.9590275118731693,0.831,True,False,True,True,0.4091839940159601,-0.2963395033802434,0.9894866839401887,0.16422400471310025
linear_obserr_scale00_strerr_y20_y25_y29,x6,0.1863262952965136,-0.3829864772659,-0.38605120000000004,0.2867931376029723,-0.5693127725624136,0.5693127725624136,0.5723774952965136,-1.9850990066246037,0.97,True,False,False,True,0.49674028559044026,0.15196945906542117,0.5411777214945241,0.41771438925676624
linear_obserr_scale00_strerr_y20_y25_y29,x7,-0.4232103731268686,0.216256309848864,0.25048484,0.36541278563081103,0.6394666829757326,0.6394666829757326,0.6736952131268685,1.7499844234290356,0.052,True,False,True,True,0.6329135104478392,0.39481582750653466,0.29833135305341063,0.44927270019612847
linear_obserr_scale00_strerr_y20_y25_y29,x8,-0.1517085214495113,0.806262566968,0.8511802500000001,0.17130315170450847,0.9579710884175113,0.9579710884175113,1.0028887714495114,5.592256061172626,0.0,False,False,False,False,0.29670576224888773,-0.6428131492690154,1.3359603298289606,0.8678864094355994
linear_obserr_scale00_strerr_y20_y25_y29,x9,-0.7483266868940266,-0.69589142875,-0.71374151,0.1916686909929391,0.05243525814402661,0.05243525814402661,0.034585176894026626,0.27357237049194577,0.436,True,True,True,True,0.3319799110199897,-0.3191930588232527,1.012340239383198,0.04929893645174542
linear_obserr_scale00_strerr_y20_y25_y29,x10,-0.7997336015323435,-0.7062150371320001,-0.7477068,0.2217572796322511,0.09351856440034345,0.09351856440034345,0.052026801532343514,0.4217158713140286,0.408,True,True,True,True,0.3840948752713178,-0.27096536425458406,0.9641125448145293,0.05666636815168123
linear_obserr_scale00_strerr_y20_y25_y29,x11,0.5858680255671223,0.21226128457110002,0.22229563000000002,0.2627082590814584,-0.3736067409960222,0.3736067409960222,0.36357239556712223,-1.4221354985271983,0.923,True,False,True,True,0.4550240522970538,0.08332176238927903,0.6098254181706663,0.24454965844213614
linear_obserr_scale00_strerr_y20_y25_y29,x12,0.7721495259453386,0.4735260243458,0.489216525,0.28350523129892974,-0.2986235015995386,0.2986235015995386,0.2829330009453386,-1.0533262480954648,0.838,True,False,True,True,0.49104546482131256,0.11832793985026883,0.5748192407096765,0.17060419819141145
linear_obserr_scale00_strerr_y20_y25_y29,x13,-0.746482021754844,-0.09169739222064999,-0.09808602799999999,0.38657337765290734,0.654784629534194,0.654784629534194,0.648395993754844,1.693817182936238,0.045,True,False,False,True,0.6695647309483467,0.45831874387640004,0.23482843668354525,0.44492298560536736
linear_obserr_scale00_strerr_y20_y25_y29,x14,-0.2163472437658105,0.21137826244203,0.20348692000000002,0.3144816626223893,0.4277255062078405,0.4277255062078405,0.4198341637658105,1.3600968102277797,0.095,True,False,True,True,0.5446982177107126,0.25946594760558755,0.43368123295435773,0.27737464835488834
linear_obserr_scale00_strerr_y20_y25_y29,x15,0.9430962720907232,0.46356268728655,0.53014622,0.37923246683693196,-0.47953358480417324,0.47953358480417324,0.4129500520907232,-1.2644845226565748,0.942,True,False,True,True,0.6568499004412454,0.3046991530310863,0.388448027528859,0.27281274646003983
linear_obserr_scale00_strerr_y20_y25_y29,x16,-0.9020514328559142,-0.8555330170700001,-0.89170075,0.12567064018961593,0.04651841578591409,0.04651841578591409,0.010350682855914117,0.37016136558010365,0.469,True,True,True,True,0.21766793382812205,-0.9469049687975812,1.6400521493575266,0.027700032797756638
linear_obserr_scale00_strerr_y20_y25_y29,x17,0.1702298533623341,0.4877528608577,0.52493412,0.30573688813122163,0.3175230074953659,0.3175230074953659,0.35470426663766585,1.0385498767786427,0.163,True,False,True,True,0.5295518239912779,0.16365435000156042,0.5294928305583848,0.2051219933636233
linear_obserr_scale00_strerr_y20_y25_y29,x18,-0.9795810111083574,-0.679961203479,-0.7306873,0.24099031657832845,0.29961980762935736,0.29961980762935736,0.24889371110835734,1.2432856717376555,0.028,True,False,False,True,0.41740747244577314,-0.18722582432529872,0.8803730048852441,0.16893770118962237
linear_obserr_scale00_strerr_y20_y25_y29,x19,0.4454899868370463,0.10506797551354999,0.10929301250000001,0.31305808401444307,-0.34042201132349637,0.34042201132349637,0.3361969743370463,-1.0874084673302697,0.85,True,False,True,True,0.5422325072331815,0.25669764651193544,0.43644953404800985,0.20543650191110366
linear_obserr_scale02,x0,0.5288777277218975,0.5820616297700001,0.58036727,0.0866085987640196,0.05318390204810264,0.05318390204810264,0.05148954227810254,0.614071845141053,0.262,True,True,True,True,0.150010493431629,-1.0249315634470144,1.7180787440069598,0.03206507045012681
linear_obserr_scale02,x1,-0.2017757702483329,-0.2524170822085,-0.24658121500000002,0.09294592293957636,-0.05064131196016711,0.05064131196016711,0.04480544475166712,-0.5448470503982057,0.707,True,True,True,True,0.16098706088772785,-0.95670524868411,1.6498524292440553,0.030431425395062696
linear_obserr_scale02,x2,0.9667675449173256,0.95873637113,0.964311735,0.020017953242698856,-0.008031173787325652,0.008031173787325652,0.0024558099173256354,-0.4011985486205919,0.559,True,True,True,True,0.03467211207989258,-2.690075991881957,3.383223172441902,0.00453761150199442
linear_obserr_scale02,x3,0.8826335870210631,0.91153280008,0.9246204,0.06797345493163716,0.028899213058936946,0.028899213058936946,0.041986812978936916,0.42515439428526486,0.291,True,True,True,True,0.11773347750758881,-1.4688262221447812,2.1619734027047266,0.02486673111351563
linear_obserr_scale02,x4,0.4035304894201381,0.3346569608122,0.33872362,0.13903452616148249,-0.0688735286079381,0.0688735286079381,0.06480686942013808,-0.4953699667947552,0.677,True,True,True,True,0.2408148633179519,-0.5497026621869424,1.2428498427468877,0.04525183071890948
linear_obserr_scale02,x5,-0.1090346728390574,0.16492892752760002,0.19779192499999998,0.35020941502075037,0.27396360036665746,0.27396360036665746,0.3068265978390574,0.7822850803437844,0.222,True,False,True,True,0.6065805001049147,0.3562845820151116,0.3368625985448337,0.17366967859966295
linear_obserr_scale02,x6,0.5550471370401222,0.6502046765883001,0.6826686,0.25539312405838155,0.09515753954817785,0.09515753954817785,0.12762146295987775,0.37259240983490743,0.312,True,True,True,True,0.44235386677285815,-0.11143847276618668,0.804585653326132,0.08911713980031194
linear_obserr_scale02,x7,0.1880371436446732,0.3940539350153,0.41832149,0.3214378449664986,0.2060167913706268,0.2060167913706268,0.23028434635532682,0.6409226374451914,0.25,True,True,True,True,0.5567466789574234,0.24642163915722692,0.44672554140271836,0.13850336772488914
linear_obserr_scale02,x8,0.4097680186419079,0.41298874161474,0.41270677499999997,0.25688536636239573,0.0032207229728320463,0.0032207229728320463,0.002938756358092043,0.012537588335368539,0.495,True,True,True,True,0.4449385062606144,0.04924538884871298,0.6439017917112323,0.06399249648816366
linear_obserr_scale02,x9,0.793280401222731,0.6459255045997,0.70631015,0.2616244753047582,-0.14735489662303103,0.14735489662303103,0.08697025122273105,-0.5632305481028941,0.638,True,True,True,True,0.45314688373139017,-0.0900945946773895,0.7832417752373348,0.07310557584302346
linear_obserr_scale02,x10,0.1356021833383498,0.12675492896444,0.12014401,0.27890763141618025,-0.008847254373909819,0.008847254373909819,0.015458173338349812,-0.03172109106153545,0.522,True,True,True,True,0.4830821882315177,0.1452554041525029,0.5478917764074424,0.06725165870547095
linear_obserr_scale02,x11,0.1996239515902267,0.37457825022076,0.37472256000000004,0.2541758479738823,0.17495429863053333,0.17495429863053333,0.17509860840977334,0.6883199171957151,0.252,True,True,True,True,0.440245482747667,0.04736231946980561,0.6457848610901397,0.10494939885042551
linear_obserr_scale02,x12,0.4669678984282543,0.34087512160194,0.395965395,0.4270585090245599,-0.1260927768263143,0.1260927768263143,0.07100250342825432,-0.2952587857676026,0.563,True,True,True,True,0.7396870354351496,0.4588450206539852,0.2343021599059601,0.10665938143911921
linear_obserr_scale02,x13,0.3528527453711905,0.26221498424691003,0.2769138,0.39570099817998555,-0.09063776112428046,0.09063776112428046,0.0759389453711905,-0.22905618520338847,0.572,True,True,True,True,0.6853742334534547,0.44903709096251115,0.24411008959743413,0.10261643328157616
linear_obserr_scale02,x14,-0.7502813423447507,-0.5536037921715,-0.596260775,0.2911771879255359,0.19667755017325073,0.19667755017325073,0.15402056734475078,0.6754565890771224,0.294,True,True,True,True,0.5043336834920591,0.08145924245972412,0.6116879381002212,0.10290590212452805
linear_obserr_scale02,x15,-0.1489327581329333,0.20371994466849996,0.220723775,0.4341348806538363,0.35265270280143324,0.35265270280143324,0.36965653313293334,0.8123113772160269,0.212,True,False,True,True,0.7519436706302952,0.5317527259981424,0.1613944545618029,0.22016216652630313
linear_obserr_scale02,x16,-0.4363035560403032,-0.5126706827799999,-0.53903522,0.2961414710773584,-0.07636712673969676,0.07636712673969676,0.10273166395969685,-0.257873800862386,0.614,True,True,True,True,0.5129320741341739,0.12588994191688463,0.5672572386430607,0.08809816032492704
linear_obserr_scale02,x17,-0.3297287802510691,-0.4091629492498,-0.40154044,0.21502450313461074,-0.0794341689987309,0.0794341689987309,0.07181165974893089,-0.3694191491701907,0.656,True,True,True,True,0.37243336430139906,-0.11926946775324802,0.8124166483131933,0.059290365919454066
linear_obserr_scale02,x18,-0.0309913687618945,-0.12072365663514001,-0.11143817,0.3171035665996591,-0.08973228787324551,0.08973228787324551,0.0804468012381055,-0.28297470392861224,0.591,True,True,True,True,0.5492394886119107,0.2706522891055264,0.4224948914544189,0.08402971921362212
linear_obserr_scale02,x19,0.8013893866949202,0.63701609849604,0.69609079,0.28497716982850396,-0.1643732881988802,0.1643732881988802,0.10529859669492025,-0.5767945842742357,0.645,True,True,True,True,0.4935949371401533,-0.04878626049202463,0.7419334410519699,0.07915462022364203
linear_obserr_scale02_strerr_y1_y3,x0,-0.5610267802544557,-0.499471504186,-0.49583787,0.10395343954996175,0.06155527606845573,0.06155527606845573,0.06518891025445572,0.592142754823146,0.264,True,True,True,True,0.18005263892207368,-0.8373060990587611,1.5304532796187065,0.039606693382317114
linear_obserr_scale02_strerr_y1_y3,x1,0.4662830492457139,0.457919915645,0.46144551,0.1251593664515084,-0.00836313360071389,0.00836313360071389,0.0048375392457138955,-0.06681987803089505,0.525,True,True,True,True,0.21678238173714415,-0.6547147163443116,1.3478618969042568,0.027860986728670684
linear_obserr_scale02_strerr_y1_y3,x2,-0.1110904939528525,-0.11415590137569999,-0.11359735,0.05129325324319225,-0.0030654074228474854,0.0030654074228474854,0.002506856047147496,-0.05976239035402444,0.519,True,True,True,True,0.08884252070270605,-1.5411759054763643,2.2343230860363095,0.012170008299854311
linear_obserr_scale02_strerr_y1_y3,x3,0.0308621144435428,0.021581631582450002,0.02034248,0.07026066982687604,-0.009280482861092797,0.009280482861092797,0.0105196344435428,-0.13208645582172968,0.561,True,True,True,True,0.12169504991397087,-1.234928171756043,1.9280753523159881,0.01680709671357774
linear_obserr_scale02_strerr_y1_y3,x4,-0.5074257458624636,-0.5056146662400001,-0.504181515,0.08066614339001082,0.0018110796224635184,0.0018110796224635184,0.003244230862463615,0.022451545919422135,0.478,True,True,True,True,0.13971785880213508,-1.096299268345455,1.7894464489054003,0.01801750601712839
linear_obserr_scale02_strerr_y1_y3,x5,0.2734088791306668,0.3200951633738,0.32458295,0.275514025504432,0.0466862842431332,0.0466862842431332,0.05117407086933318,0.1694515702336983,0.435,True,True,True,True,0.47720429037150364,0.1283289518310878,0.5648182287288575,0.06900470614613749
linear_obserr_scale02_strerr_y1_y3,x6,0.9306250314138048,0.72979899666,0.772245855,0.20394066169208516,-0.20082603475380478,0.20082603475380478,0.15837917641380483,-0.9847277785977623,0.84,True,False,True,True,0.35323558777990727,-0.3511690044766101,1.0443161850365554,0.0990805812051093
linear_obserr_scale02_strerr_y1_y3,x7,-0.3621978703099628,-0.3812645213314,-0.382887705,0.2841847728700391,-0.019066651021437175,0.019066651021437175,0.020689834690037212,-0.06709244421817269,0.522,True,True,True,True,0.4922224653483292,0.15199843321521836,0.541148747344727,0.06995935133675144
linear_obserr_scale02_strerr_y1_y3,x8,0.351862817337766,0.39252088947604,0.39807428499999997,0.25222253221183194,0.04065807213827405,0.04065807213827405,0.046211467662233996,0.16119920683425265,0.432,True,True,True,True,0.43686224060457063,0.03727166332500369,0.6558755172349416,0.06290351012591097
linear_obserr_scale02_strerr_y1_y3,x9,-0.6504991855452151,-0.68070918605,-0.7118494,0.2002254325947058,-0.03021000050478484,0.03021000050478484,0.061350214454784835,-0.1508799362463389,0.603,True,True,True,True,0.34680062222148794,-0.2883995635712114,0.9815467441311567,0.056057406388643705
linear_obserr_scale02_strerr_y1_y3,x10,0.1074983223484444,0.1478828263652,0.15067293999999998,0.29800470874668605,0.0403845040167556,0.0403845040167556,0.04317461765155557,0.1355163285392372,0.443,True,True,True,True,0.5161592964440256,0.20945120826480354,0.4836959722951417,0.07354094382022158
linear_obserr_scale02_strerr_y1_y3,x11,0.8813770054458259,0.7227776723880001,0.75274268,0.1930865700415578,-0.1585993330578258,0.1585993330578258,0.12863432544582587,-0.8213897684530346,0.764,True,False,True,True,0.3344357495711847,-0.3506491025330106,1.043796283092956,0.07843199820442609
linear_obserr_scale02_strerr_y1_y3,x12,-0.8077788163895905,-0.6292080426960001,-0.65380265,0.23304620726557013,0.17857077369359042,0.17857077369359042,0.15397616638959044,0.7662462126667366,0.278,True,True,True,True,0.40364787149519465,-0.13144441012481606,0.8245915906847614,0.09425788780480221
linear_obserr_scale02_strerr_y1_y3,x13,-0.610353860331559,-0.7703989437200001,-0.7976329600000001,0.15500865027315752,-0.16004508338844103,0.16004508338844103,0.18727909966844103,-1.0324913035911756,0.847,True,False,True,True,0.26848285788578413,-0.5631033642267139,1.2562505447866592,0.10797656510711805
linear_obserr_scale02_strerr_y1_y3,x14,0.0074871383207526,0.02611753083755,0.026387721,0.20892060983496114,0.018630392516797403,0.018630392516797403,0.0189005826792474,0.0891745076348124,0.461,True,True,True,True,0.36186111098242674,-0.1403593220012741,0.8335065025612194,0.04880585418338211
linear_obserr_scale02_strerr_y1_y3,x15,-0.0586883441041055,-0.0787071342825,-0.083996965,0.26079576522259396,-0.020018790178394495,0.020018790178394495,0.02530862089589451,-0.07676041120264392,0.529,True,True,True,True,0.4517115157643371,0.07961172780822177,0.6135354527517235,0.06240555715024898
linear_obserr_scale02_strerr_y1_y3,x16,0.771719187901889,0.6486677682199999,0.702286875,0.2434543177645651,-0.12305141968188904,0.12305141968188904,0.069432312901889,-0.5054394631886838,0.612,True,True,True,True,0.421675247690245,-0.13253228803672545,0.8256794685966707,0.06841848239203913
linear_obserr_scale02_strerr_y1_y3,x17,-0.7697074754532476,-0.6842507241419999,-0.699268715,0.17726371637910474,0.08545675131124764,0.08545675131124764,0.0704387604532476,0.4820882302190128,0.353,True,True,True,True,0.30702976310708874,-0.3613182034807366,1.054465384040682,0.05445173205232884
linear_obserr_scale02_strerr_y1_y3,x18,-0.5627253848409721,-0.44365851117937,-0.44419407499999997,0.2771829918353367,0.11906687366160212,0.11906687366160212,0.11853130984097215,0.42956053282062484,0.343,True,True,True,True,0.48009502485275235,0.11292019296445834,0.580226987595487,0.08492375826930104
linear_obserr_scale02_strerr_y1_y3,x19,-0.0381060975751716,0.11091013111845001,0.1216377525,0.3173384070574604,0.1490162286936216,0.1490162286936216,0.1597438500751716,0.46958144800493457,0.316,True,True,True,True,0.5496462442164953,0.27341113958774554,0.41973604097219974,0.10463532807980375
linear_obserr_scale02_strerr_y20_y25_y29,x0,-0.5610267802544557,-0.5977257870200001,-0.59988314,0.10701841857604022,-0.036699006765544384,0.036699006765544384,0.038856359745544244,-0.3429223422832444,0.637,True,True,True,True,0.18536133831937457,-0.8159222860992085,1.5090694666591538,0.029219697234479133
linear_obserr_scale02_strerr_y20_y25_y29,x1,0.4662830492457139,0.436762155638,0.44147765,0.135285623838263,-0.02952089360771387,0.02952089360771387,0.0248053992457139,-0.21821160867031045,0.58,True,True,True,True,0.23432157402152276,-0.5815382328046329,1.2746854133645782,0.03222944072807023
linear_obserr_scale02_strerr_y20_y25_y29,x2,-0.1110904939528525,-0.1189780156881,-0.11813411,0.05699715837920698,-0.007887521735247496,0.007887521735247496,0.007043616047147497,-0.13838447318322675,0.552,True,True,True,True,0.09872197419983664,-1.437335950792543,2.1304831313524883,0.01343750176420945
linear_obserr_scale02_strerr_y20_y25_y29,x3,0.0308621144435428,-0.008535976643859999,-0.010058108,0.0793528888189729,-0.039398091087402796,0.039398091087402796,0.0409202224435428,-0.4964922093420107,0.683,True,True,True,True,0.13744323516182533,-1.1224115890038433,1.8155587695637885,0.02588198289439257
linear_obserr_scale02_strerr_y20_y25_y29,x4,-0.5074257458624636,-0.447523930144,-0.44538714999999995,0.09479912980675792,0.05990181571846359,0.05990181571846359,0.06203859586246363,0.631881493433217,0.254,True,True,True,True,0.16419690933862185,-0.9396632668522785,1.6328104474122238,0.03662764411298809
linear_obserr_scale02_strerr_y20_y25_y29,x5,0.2734088791306668,0.5407275580323001,0.59285535,0.2831570354647231,0.2673186789016333,0.2673186789016333,0.3194464708693332,0.9440651137730145,0.169,True,False,True,True,0.4904423719454828,0.06898044140358316,0.6241667391563621,0.18198408117831621
linear_obserr_scale02_strerr_y20_y25_y29,x6,0.9306250314138048,0.8483261170727,0.8921813000000001,0.14504159981317444,-0.08229891434110481,0.08229891434110481,0.03844373141380475,-0.5674159306510175,0.656,True,True,True,True,0.25121942008749065,-0.8949390255060466,1.588086206065992,0.032643462652302974
linear_obserr_scale02_strerr_y20_y25_y29,x7,-0.3621978703099628,0.561440596871,0.67613507,0.3717093831332162,0.9236384671809628,0.9236384671809628,1.0383329403099628,2.4848403325076722,0.029,True,False,False,True,0.6438195372368163,0.15232201007102253,0.5408251704889228,0.737342487426524
linear_obserr_scale02_strerr_y20_y25_y29,x8,0.351862817337766,0.2848127084027,0.28303895,0.2158900261505125,-0.06705010893506597,0.06705010893506597,0.06882386733776596,-0.3105752967407605,0.624,True,True,True,True,0.3739324941400612,-0.10969882784693348,0.8028460084068788,0.05730825081751027
linear_obserr_scale02_strerr_y20_y25_y29,x9,-0.6504991855452151,-0.75442496104,-0.801567915,0.19001388175018227,-0.10392577549478488,0.10392577549478488,0.1510687294547849,-0.5469378054779157,0.778,True,False,True,True,0.3291136973347003,-0.4584424219216622,1.1515896024816075,0.08560560111003634
linear_obserr_scale02_strerr_y20_y25_y29,x10,0.1074983223484444,0.40997732700890005,0.41860051499999995,0.2625833358905883,0.30247900466045563,0.30247900466045563,0.31110219265155553,1.1519352651780266,0.12,True,False,True,True,0.45480767898342317,0.06579007301223229,0.627357107547713,0.19507589595792518
linear_obserr_scale02_strerr_y20_y25_y29,x11,0.8813770054458259,0.27553079750144,0.22771865,0.3637698798144421,-0.6058462079443858,0.6058462079443858,0.6536583554458258,-1.665465563705896,0.931,True,False,True,True,0.6300679141018378,0.32750161740784156,0.3656455631521037,0.40668447149451853
linear_obserr_scale02_strerr_y20_y25_y29,x12,-0.8077788163895905,-0.81277210683,-0.85836567,0.15160776058629696,-0.004993290440409526,0.004993290440409526,0.05058685361040949,-0.03293558602211055,0.632,True,True,True,True,0.2625923441572046,-0.7175852176100325,1.4107323981699778,0.03887647218873805
linear_obserr_scale02_strerr_y20_y25_y29,x13,-0.610353860331559,-0.767562713762,-0.79109785,0.15795985337488958,-0.157208853430441,0.157208853430441,0.18074398966844096,-0.9952456277439926,0.836,True,False,True,True,0.2735944916014389,-0.5485747475999738,1.2417219281599192,0.10792384437993033
linear_obserr_scale02_strerr_y20_y25_y29,x14,0.0074871383207526,-0.21366992710807,-0.23170756999999997,0.23996464706899123,-0.2211570654288226,0.2211570654288226,0.23919470832075257,-0.9216235313414257,0.837,True,False,True,True,0.4156309607438268,-0.021482664213849274,0.7146298447737945,0.14188523257159075
linear_obserr_scale02_strerr_y20_y25_y29,x15,-0.0586883441041055,-0.42277793811259995,-0.45439407,0.2788804320738438,-0.36408959400849444,0.36408959400849444,0.3957057258958945,-1.3055401244935265,0.894,True,False,True,True,0.4830350775886585,0.11050840563594622,0.5826387749239991,0.2437916826864126
linear_obserr_scale02_strerr_y20_y25_y29,x16,0.771719187901889,0.6609869587039999,0.70294553,0.24040551388461495,-0.11073222919788905,0.11073222919788905,0.06877365790188894,-0.4606060294067802,0.605,True,True,True,True,0.4163945644678582,-0.15416746215292687,0.8473146427128722,0.06429994282849472
linear_obserr_scale02_strerr_y20_y25_y29,x17,-0.7697074754532476,-0.6980474181199999,-0.71027374,0.1571367359001765,0.07166005733324765,0.07166005733324765,0.059433735453247594,0.45603631081385576,0.346,True,True,True,True,0.272168810314638,inf,-inf,0.0447445906509603
linear_obserr_scale02_strerr_y20_y25_y29,x18,-0.5627253848409721,-0.703064048047,-0.72685265,0.18591020611990294,-0.14033866320602784,0.14033866320602784,0.16412726515902787,-0.7548733667452141,0.77,True,False,True,True,0.3220059226452743,-0.34936046645143504,1.0425076470113803,0.09322707015602807
linear_obserr_scale02_strerr_y20_y25_y29,x19,-0.0381060975751716,-0.33396988290980006,-0.33744464,0.3049841182786846,-0.2958637853346285,0.2958637853346285,0.29933854242482844,-0.970095711883193,0.843,True,False,True,True,0.5282479883602775,0.21235543501082646,0.48079174554911885,0.18442760425251045
